key,input,syba_score
"139956aa1865113d8f6ed04a51f3d68e","Cc1ccnc(SCc2ccc(C(=O)O)cc2)n1",69.61561892642601
"fb97ac8c539f6cfeb89e65509c346798","CC(C)c1cncnc1N1CC[C@H](N2CCOCC2)[C@H](CCCO)C1",45.67587982572393
"8ecb8496fdcc0a2b39da3db72d50ba08","C=CC(O/N=C(\C(=O)N[C@@H]1C(=O)N(OS(=O)(=O)O)C1(C)C)c1csc(N)n1)c1cc(=O)c(O)cn1O",-1.4420816299723753
"333e75e643b1ac07582dc2384d4a0e36","Nc1c(F)cnc(F)c1F",0.326462911570498
"7a32b984fb864b132471a0826de15ec6","CC[C@@H](C)[C@@H]1NC(=O)[C@@H](NC[C@@H](O)[C@H](Cc2ccccc2)NC(=O)[C@@H](NC(=O)[C@H](CC(C)C)NC(C)=O)C(C)C)Cc2ccc(cc2)OCCCNC1=O",-43.16865345001902
"4916c7921edca02a564c58147fc43226","CCOC(=O)N/N=C(\C)c1ccc(Oc2ncccn2)cc1",127.5367771123184
"37c24b2dea49bafc648f4fc1cf1bd5c2","CCN(CC)c1ccc2c(cc1=O)[C@@H](NC(C)=O)CCc1cc(OC)c(OC)c(OC)c1-2",84.11111528252829
"c761de0a34d035c003ca41fee2175c1d","CC1CC(C)CN(c2nc(-c3ccc(NCC(=O)Nc4nc5ccc(C#N)cc5s4)cc3)nc(N3CC(C)CC(C)C3)n2)C1",136.24080222571052
"fce9b62bb6dc5291b65b954b9db57052","NS(=O)(=O)c1ccc(CNC(=O)C2CCCN2C(=O)c2cccs2)cc1",157.20905674012738
"a6c3118563f2a305af4177f5240fcbaa","CC(C)Oc1cc(N2CCC(Oc3ccc([C@H](C)NC(=O)C4CCC4)cc3)C2)ccn1",125.71414975281357
"1af5169588245657fa50aa4aa039ec8d","Clc1cccc(-c2ccc(-c3nc4ccccn4c3NCc3ccccc3)cc2)c1",124.22627638517916
"1ee324f5db5f80d3f45e0ccdb34f2e44","N[C@H]1Cc2cc(C(F)(F)F)ccc2N(O)C1=O",-8.517549376634358
"66d84f1336235f50bd68a5a3e56b2023","OCCOc1nc(N2CCCCC2)c2nc(OCCO)nc(N3CCCCC3)c2n1",31.93102701939605
"b0db60ce09a7cf817dfbba74b7c631e9","C[C@]1(O)C[C@@H](c2nc(-c3ccc(Oc4ccccc4)c(Cl)c3)c3c(N)ncnn32)C1",45.559016019396545
"c99cb67c2950c86ab0954a7e0cf94dd4","CC(C)CCC(O)(c1ccc(Br)cc1)C(CNCCCCO)c1ccccc1",83.4195537771577
"585d61142dc324db4315743725379bd9","Cc1ccc(-n2nc(C)c3c(=O)oc4ccccc4c32)cc1",57.52718031923411
"5c058d96e9eee0f677ad2d8632105737","COc1cc2c(cc1OC)C(=O)C(CC1CCN(C(=S)Nc3ccccc3[N+](=O)[O-])CC1)C2",91.12663850004951
"c4a60850c53b6efdc4b51ddf20d4d84d","C=CCn1c(COc2ccc(N)cc2)n[nH]c1=S",75.61531052066258
"58c7174c31992867eda8e73b4ce21850","C=CCOc1cccc2c1[C@H](OC(=O)c1ccccc1)[C@@H]1C[C@H](OC(=O)[C@H](O)[C@@H](NC(=O)c3ccccc3)c3ccccc3CC=C)CN1C2",57.94975507597083
"ddd1333c3e9ffbbca746ec517d2a3be0","CC(C)C[C@H](NC(=O)[C@@H](NC(=O)[C@H](CCONC(=N)N)NC(=O)OCc1ccccc1)C1CCCCC1)[C@@H](O)CC(=O)NCCc1ccccc1.O=C(O)C(F)(F)F",159.7590978054469
"9c38a2569410bf659c204853420415ff","CCN(CC)CCCN=C(S)N(Cc1cccnc1)Cc1cc2cc(C)cc(C)c2nc1O",94.35069782229289
"dd1da18693d2c5bba00d7b7993b18d19","CCNC(=O)c1ccc(-c2ccc3ncnc(NCCc4c[nH]cn4)c3c2)o1",137.41426496140156
"9cd3ddb094ab52ec3f41bb3701b158d3","COc1ccccc1CNc1ccc2c(c1)n1ncc(C)c1n[n+]2[O-]",97.31964512846417
"112896979c3287056d0558c7d764e840","Cc1ccc(CSC2=Nc3ccccc3C3=NC(CC(=O)NCc4cccs4)C(=O)N23)c(C)c1",167.26401763215543
"1bfd5a09b78fb996af34729f515eb8c9","C=CCN(CC=C)P(=O)(N1CC1)N1CC1C",9.21505139840797
"f4b83ed876ae471d81b85d192032bb80","Cc1cc(-c2cc3ccccc3[nH]2)c(Cl)c2c1NC(C)(C)CC2C",5.201416428350974
"a656ed5e6213b5c694d5225ed30776db","CCCN(CCC)c1c(C)ncc2c(-c3ccc(Cl)cc3Cl)cccc12",43.64918978954624
"f98927efb90bb23796be3b81c2fee403","N=C(N)Nc1nccc2ccc(-c3ccc4c(c3)OCO4)cc12",37.15465319612466
"10d4b31e5693bab919adb58c338cac95","Cc1nc(N2CCOCC2)c2nc(-c3ccccc3)n(CC3CCN(C)CC3)c2n1",71.39145702927469
"7208c590a63aa29824b88991d3930ebc","N#CC1=C(N)Oc2ccc(Sc3nc4ccccc4s3)cc2C1c1cccs1",81.17292594183337
"636f4e08074f52d7db7c97c3445f8a80","C[C@]1(C(=O)N2CCOCC2)CO[C@H](c2nc(-c3ccc(F)cc3)c(-c3ccnc(N4CCCCC4)n3)[nH]2)OC1",66.91202032913785
"8a51a484c8d0ef34f82b8303509af30f","COc1cc2c(Nc3ccc(C#N)cc3)ncnc2cc1OCCCN1CCOCC1",159.43105791197698
"5024c8826866651e1530c937f8805203","CCN(CC)CCOC(=O)c1ccc2nc3ccc(OC)cc3c(=O)n2c1.Cl",93.16285804170326
"ebf13ba9fed3b4001baa719ce0105470","COc1ccc(C2=NO[C@@](CC(=O)O)(C(=O)Nc3ccc4c(c3)OCCO4)C2)cc1",83.1679409081918
"c065b6f9e71aa61ce3dfdda26d5c73e3","Cc1ccc(-c2nnc(Nc3ccc(F)cc3)c3ccccc23)cc1S(=O)(=O)N1CCN(C)CC1",168.93962747514612
"334a6abfe9698173a5ea31e258265a77","CC[C@H](C)[C@@H]1NC(=O)[C@@H]2CCCN2C(=O)[C@H](Cc2ccc(O)cc2)NC(=O)[C@@H]2CCCN2C(=O)[C@H]([C@@H](C)CC)NC(=O)[C@@H]2CCCN2C(=O)[C@H](Cc2ccccc2)NC1=O",41.908473095894834
"7f9b28f2cd1f9a325d40be8da9fcc80b","O=C(Nc1ccc2oc(-c3cccc(Cl)c3Cl)nc2c1)c1cccc(Br)c1",165.47996626643874
"4c0792967979414277765e9a76ba7f5f","O=S(=O)(NCCCCc1c[nH]cn1)NCc1ccc(Cl)cc1",98.20419885450978
"174c5f564a1ecfd4e5c2732c0df1ecf6","C(#Cc1ccccc1)C[N+]1(CC#Cc2ccc(C#CC[N+]3(CC#Cc4ccccc4)CCCCC3)cc2)CCCCC1.[Br-].[Br-]",70.13023523679111
"7ff595492e9412e44a50492316f92cb7","O=C(/C=C/c1ccccc1)Nc1ccc(CN2CCOCC2)cc1",176.87363949195742
"9b2e3360104ab3e50b08c38b3c28e1ef","O=C(Nc1ccc(Cl)c([N+](=O)[O-])c1)C(Sc1ccccc1)c1ccccc1",171.8058182942819
"a339604dbea3641af394de4f17f78f7f","CCCC(=O)O[C@H]1/C(=C/C(=O)OC)C[C@H]2C[C@H]([C@@H](C)O)OC(=O)C[C@H](O)C[C@@H]3C[C@H](OC(=O)C(C)(C)C)C(C)(C)[C@](OC)(C[C@@H]4C/C(=C/C(=O)OC)C[C@H](/C=C/C(C)(C)[C@]1(O)O2)O4)O3",-77.68057295124223
"f37aaab18f09851df232b7200d68131f","Fc1cccc(N2CCCC3(CN(Cc4ccncc4)CCO3)C2)c1",80.46135114844435
"9894103fceedd4bdd7f5529299d2c460","COc1cc2c(cc1OC)C1=NOC(CN3CCN(Cc4ccc5ncccc5c4)CC3)C1CO2",72.3619625683778
"842ac7710b3845bc96eb6e7fe3fee770","CN1c2ccc(NS(=O)(=O)c3cc(C(F)(F)F)cc(C(F)(F)F)c3)cc2N=C(c2ccc(C(=O)O)cc2)c2cc3c(cc21)C(C)(C)CCC3(C)C",48.43733714560935
"c95abf2ea33cd56d3722c0ab98e45ca8","CC[C@H](C)[C@@H](/C=C/C(=O)NC[C@H]1O[C@@H](C(=O)N[C@@H](Cc2ccccc2)C2=NCCS2)[C@@H](OC)[C@@H]1OC)N(C)C(=O)[C@@H](NC(=O)[C@@H](NC)C(C)C)C(C)C",43.44431132203394
"77d0050641ff9e85a310203f0b5179b3","CCC/C=C1\OC(=O)C2=C[C@H]3CCC21[C@]1(OC(=O)C2=C1CCC=C2)[C@@H]3CCC",-116.92614663641511
"9d9cd9501e89992123f42fcb8eb18e2d","CCN(CC(=O)NCc1ccc(F)cc1)C(=O)CN1CCN(c2ccc(OC)cc2)CC1",205.38548344467878
"423edca760b299be7246bf74c6f25e16","O=C(CCCCC(=O)N1CC[N+]2(CCCC2)CC1)N1CC[N+]2(CCCC2)CC1",44.53647436272909
"3b7a183ed30900b8141bca8b1ed7addf","CN1CCN(c2ccc3cc(-c4nc5ccccc5[nH]4)c(=O)oc3c2)CC1",66.87404135684474
"0c1b6e9fec716e2c4cadbe4964abdada","CC(C)OCc1noc(C2CCOC2)n1",34.785074316880774
"1fe73320864392dfa252bb0735964c86","CC(C)C[C@H](N)c1cc(C(F)(F)F)ccc1N1CCN(C(=O)COc2cccc3ccccc23)CC1",161.5291914735633
"065c66a74de686b7658029015a3a2310","COCCCN1C(=O)c2[nH]nc(-c3ccccc3O)c2C1c1ccc(OCc2ccccc2)cc1",177.6103982386824
"3e52a0ab115b76425695264be6488204","CC(C)N(C)CCc1c[nH]c2cc3ooc3cc12",34.768252235120535
"592a7146a54064824aa7701d17b61641","COC(=O)CCC(=O)OCn1c([S+]([O-])Cc2ccccn2)nc2ccccc21",84.65475141535367
"790e471228ee372e4b114906b54e32d0","O=C1C(Br)=CC2(C=C1Br)CCNC1=C2C(=O)c2ncccc2C1=O",-31.411206132333334
"1a08b463b1e74ddc34171bf14c75d4d1","CNC(=O)c1c(C(=O)N2CCC2)oc2cc(N(C)S(C)(=O)=O)c(-c3ccc4c(n3)-c3cc5c(F)cccc5n3CO4)cc12",52.41789630803811
"8fa96295c3ba1b00a6fad596a617cc80","Cc1ccc(F)cc1[C@H]1C/C(=N\N=C(N)N)c2c(C)cccc2C1",-7.399992403281914
"2e79c33df1650412c931c48a1d2698aa","CCOc1ccc(C(=O)OC2CCN(C)CC2)cc1",92.09822997436467
"c9825e7675d9ab1ff00cd561c3785649","O=C(Nc1ccc(N2CCC(Nc3ccccn3)CC2)cc1)c1cnc(Cl)c(Cl)c1",172.73222260872387
"0059903725111b4333f5f4166c431955","CC(=O)NCCCCC(=O)N[C@@H](Cc1ccc(OP(=O)(O)O)cc1)C(=O)N[C@@H](CCC(N)=O)C(=O)NCC(=O)N[C@@H](CC(C)C)C(=O)N[C@@H](CO)C(N)=O",184.24716989425335
"32a74d5d013a8a7ed2a0174238b31f0c","NCC(F)CON",-22.227312209196253
"80f82d635294b80438a8564134f9f8ea","COc1ccc(C[C@H]2COC(=O)[C@@H]2Cc2ccc(OC(=O)Nc3cccc(Cl)c3)c(OC)c2)cc1OC",109.80494819468267
"cbf0b290ed304a0d3d2b2ef40266db3f","C[C@H](CCC(=O)O)[C@H]1CC[C@H]2[C@@H]3C[C@H](O[C@@H]4O[C@H](C(=O)O)[C@@H](O)[C@H](O)[C@H]4O)[C@@H]4C[C@H](O)CC[C@]4(C)[C@H]3CC[C@]12C",-31.07716260241521
"b6fee25e64df5d33987c1a38f0109461","CC1(C)CC(=O)N(c2ccc(C#N)cc2)C(=O)C1",32.646434483350056
"b0058c1fa0c19236f7b48ca20c117149","COCC(=O)Oc1c(Sc2ccc(Cl)cc2)c(C)nn1-c1ccccc1",104.8538334003918
"b0e69e82009c6d0d080accfb710c20a5","CC(C)(O)CCCC[C@H]1CC[C@@H](/C=C/[C@]2(C)CC[C@@H](O)CC2)C1",0.6061340951793923
"aabd3134562194a4a78828e1fd43d2a5","Cc1[se]c(/C=C2\C(=O)Nc3cc(-c4cccc(O)c4)ccc32)cc1C(=O)NCCN(C)C",41.20260575387251
"c09f1a9fb610c983e756b357f45d32e8","CCc1nc(C)c(CC(=O)N2CCC3(CC2)OCCCC3O)c(=O)[nH]1",61.53511140222473
"ed1ca2ab66fd361565a55f01859b601e","O=C(O)c1cc(F)c(CCNC(=O)[C@H](CC(F)F)NC(=O)[C@@H]2C[C@@H](c3ccccc3)CN2C(=O)CC2CCCC2)c(F)c1",93.37037960860783
"9c3215d4aea25b99403f95a8ce48ec1b","Cc1cccc(NC(=O)CCS(=O)(=O)c2ccc3c(c2)oc(=O)n3C)c1",176.73702370922578
"67419a876471a3ea313cc0affffcd2dc","Cc1ccc2c(c1)C(=O)C1(C2)Cc2c(C)cccc2C1=O",-2.1452978767156683
"8e32712723ac826ff276f9495e701c5e","O=c1cc(NC2CCN(S(=O)(=O)c3cccc(F)c3)CC2)c2cc(C(c3ccc(Cl)cc3)c3ccc(Cl)cc3)ccc2[nH]1",147.51661617192883
"485d09ff28a7f0ebcad9054384cc566c","O=C1OCC2=C1C(c1ccc(F)c(Br)c1)C1=C(CCCS1(=O)=O)N2",1.0294451834884868
"1378ad9f130b22c3e645e3327c35d247","COC(=O)N(C)COc1ccc(C=O)cc1",42.16501627150316
"88d53537c8e2a432f87bf9337dfc1a15","Cc1cc(N2C[C@H](C3CC3)[C@@H](N)C2)nc(N2CCCCC2)n1",23.096326726162253
"518c2357bedd41a25264219b11ee4e08","CCCC[C@@]1(OC(=O)CCC(=O)O)CC[C@]2(CC[C@H](C)[C@@H](CCO)O2)O[C@H]1/C=C/C(C)=C/C(=O)O",-51.177443474486864
"ecb6c8a6b59de339e7d94b3508827f28","N#Cc1c(-c2ccccc2C(=O)[O-])cc(-c2ccccc2O)nc1N.[Na+]",58.6583050185036
"687f22ac3de1f14ba500e7f6a59545d5","CC(C)(C)OC(=O)N1C2CCC(CC2)[C@H]1C(=O)N1CCCC1",25.106338207374026
"e65b6a5f98e0d6c92002af736aeffe84","CC(=O)N[C@@H](Cc1c[nH]c2ccccc12)C(=O)OCC(=O)NCc1ccc2c(c1)OCO2",208.36531256393965
"6b838b659b8da3b8dc7487065cf64a16","Cc1nnc2n1-c1ccccc1C(c1ccccc1)=NC2N",5.122054549864174
"158e35974878c95002707e74f930d299","CCN1CCC=C(c2c[nH]c3ccc(Cl)cc23)C1",22.13098146699717
"306df56c993bb834abeb42f1a0133d11","O=C(COC(=O)c1ccc(S(=O)(=O)N2CCOCC2)cc1)NCc1ccccc1",209.97517041193657
"fbae9aee6b40d421c66eb175ed2eb832","CCc1ccc(NC(=O)N(CCN2CCOCC2)C2CCN(C(C)=O)CC2)cc1",144.61450870576843
"7dda331d0875f6829905f0bd38500e68","CC(C)(Oc1ccc2ccccc2c1)C(=O)N[C@@H]1O[C@H](CO)[C@@H](O)[C@H](O)[C@H]1O",73.56036210918106
"cb9f7deab3415a8e0b69cc3ed54b6cb3","O=C1N(Cc2ccc(F)cc2)c2cccn2S(=O)(=O)N1Cc1ccccc1",52.159062997750986
"68df2d593741dd5a210edaf18564a073","CCNC(=O)c1ccc2c(C(=O)NCc3ccc(F)c(F)c3)c(C(C)C)n(Cc3ccccc3)c2c1",145.56341626556207
"20cfb95aaa3954c404a4000cb74206d6","O=Cc1c(N(Cc2ccc(F)c(F)c2)S(=O)(=O)c2ccccc2)sc2ccccc12",108.97918273500925
"e5ef24288e460c3295b36795f6fa1d4d","CC(C)Nc1nc2c(nc1N1CCC(Oc3ccc(F)cc3F)CC1)CCN(C(=O)c1ccno1)C2",116.45638937927181
"d164316249a29e9c8f791343b51a3fba","COCCCNC(=O)CCCn1c(=O)c2ccccc2n(CC(=O)Nc2c(C)cccc2C)c1=O",233.5022606701426
"7d61063a11a29d04354b63f043276d16","CC[C@H](C)[C@@H](NC(=O)[C@H](Cc1ccc(O)cc1)NC(=O)[C@@H](NC(=O)[C@H](CCCNC(N)N)NC(=O)[C@@H](N)CC(=O)O)C(C)C)[C@@H](C)N[C@@H](Cc1c[nH]cn1)C(=O)N1CCC[C@@H]1C(=O)N[C@@H](Cc1ccc(N(CCCl)CCCl)cc1)C(=O)O",143.18981781297475
"12dcdf5e2c43152fc99d09664413c9b3","COc1ccc(CCNC(=O)C2CCCN(c3nn4c(=O)cc(C)nc4s3)C2)cc1OC",216.7454448992023
"e2b37f7f59ec7467953b4db2e81bb29e","Cc1ccccc1N1C(=O)C(Oc2ccc(Cl)cc2)C1CNCCCOC(C)C",46.50157640550985
"b0f939e0009042aee78f330fb187f72f","O=C(O)c1cn2c(cc(Cl)c3ccc(Cl)cc32)n1",28.25395844728225
"b15b25013dc815c89e254f869baea078","COC(=O)[C@@H]1C[C@H](OC(=O)c2cccc(Br)c2)C(=O)[C@H]2[C@@]1(C)CC[C@H]1C(=O)O[C@H](c3ccoc3)C[C@]21C",21.176458502416416
"919e04f651f313d929ee2213aa010f33","CCCCC(=O)Nc1cccc(-c2nc3ncccc3o2)c1",150.38181518203288
"4cfa9b7387288985a51b83e32f2ffa4a","COC(=O)c1cc2c3ccccc3[nH]c2c2cn(-c3ccc(C)cc3Cl)c[n+]12.[Cl-]",68.03163211620192
"9276a444318a470882185a09bcbc826c","COC(=O)C(C)[C@H]1CC[C@H]2[C@@H]3CCC4NC(=O)C=C[C@]4(C)[C@H]3CC[C@]12C",-61.99230396673012
"bca6b7966a1a06ca5e4993d408961ea3","CCCc1cc(O)n2nc(NCc3c(Cl)cccc3Cl)nc2n1",93.45423801962572
"cccaca851edc986af72a5bfd8b0133a1","Cl.Nc1ccc(OCc2ccc(F)cc2)cc1",89.28245575372428
