key,input,maip_score
"bedd7e9a35eb9a6bfdabbc853925db54","Cc1nc(-c2ccc(Cl)cc2)sc1C(=O)NN",16.392425068127487
"3d416570ad0a857f29633c56e7570c16","O=C(c1ccc(C#CCC2CCCC2)nc1)N1CCCCC1",16.471764133349385
"1ae3d86e64ac05c5a01c10f3d3cf148c","CC1(C)C[C@H](O)c2c(OCc3nccs3)cccc2O1",18.96826493959813
"d3edeec6eadc7dae62eb7a873da69b52","O=C(NCc1ccccn1)c1cc(-c2ccncc2)nc2ccccc12",27.198898029337364
"4f96d52ffb2a281fbc178ae29fc385a1","Cc1nnc(NC(=O)N2CCN(c3ccc(-c4ccccc4)cc3)CC2)[nH]1",24.587365492507736
"aad2d80e8551a8198b31dcc3039af516","CC1C(C)S(=O)(=O)CCN1CC(=O)N(C(C)C)C(C)C",17.433574992950103
"9ba06aa77cf2cfce433bc4025b313084","O=C(/C=C/c1ccccc1)CC(O)(c1ccccc1)C(F)(F)F",13.03706716673898
"d344a81240f0dfb4185485396b29e9b9","O=C(CCc1nnn2c1CN(C(=O)c1cccc(F)c1)CC2)N1CCOCC1",5.448856971299174
"d664115d73d18598aa2b36592d640369","Cc1ccc(C(CNC(=O)CCNC(=O)C2CC2C)N2CCCC2)o1",19.486561776428747
"4c81beb048af0e11d83651d7e214cbf2","Cn1c(=O)n(C[C@@H]2CCNC(=O)CC2)c2ccccc21",14.320350460567765
"491f8474fc7862bc85e786517db11f3f","CCOC(=O)N1CCN(C(=O)c2cc3cc(C)ccc3[nH]2)CC1",29.67152527893619
"7f9758f475cf195dd953a6a1fb64200a","CN1CCC(CNCc2nnn(C(C)(C)C)n2)(N2CCCCC2)CC1",36.309403724826296
"fead4fba47d680a049f594eef0bcba95","c1cn2cnnc2c(N2CCc3sccc3C2)n1",20.251166234455848
"fcbfea09ae6423cefed5bc1916bd4e22","Cc1cccc(NS(=O)(=O)c2ccc(C(=O)NCC(c3ccco3)N3CCCCC3)cc2)c1C",19.645075548412827
"7bb02d4494888dba0f5cf2c2c0908da1","COc1cc(C(=O)NCCSc2ccc(F)cc2)cc(OC)c1OC",10.390857054625044
"c15a8c169d76aa204fd6122bca1a67ab","Cc1ccc2c(c1)N(CC(=O)NCCc1ccccc1)C=NS2(=O)=O",4.122123509486031
"8f586d88cf1c316c92f4bde26eac6fe4","Oc1nc2cc3c(cc2cc1CN(Cc1cccnc1)Cc1nnnn1Cc1ccco1)OCCO3",4.604031232318037
"81cbe3022d0b4dc2594987603d495ceb","Cc1cnccc1NCCNc1cc([C@H]2CCOC2)ncn1",47.81127506590106
"932b9de80faff5df57023d2a6021a09c","Cc1ccc(C2=C[C@@H](c3ccc(C)cc3)n3nnnc3N2CC(=O)Nc2cccc(F)c2)cc1",7.363028432599325
"2dd818e0eb6b2c6557509b96a1113597","O=C(c1ccc(-c2cn[nH]c2)o1)N1CCCCC1",28.877478161931304
"ffd542f81353a265c237b9e22c2f292b","C[C@@H](CNS(=O)(=O)C1CC1)NCc1ccc(C(=O)N(C)C)o1",20.735642651860527
"b0ffd7bb5455108a669704be65737016","CCc1ncc(C(=O)N2CCCCC2)c(-c2ccc(OC)cc2)n1",23.098334752297426
"ba7b67e3ce9b9da79097b63d8991e079","CC1(C)CC[C@]2(C(=O)O)CC[C@]3(C)C(=CCC4[C@@]5(C)CC[C@H](O)C(C)(C)C5CC[C@]43C)C2C1",16.06205030837687
"8cb2dc67bcbaced6f517440226a31f64","COCCN(C(=O)c1csnn1)C(C(=O)NC1CCCCC1)c1sccc1C",14.687841423806054
"ad6e9b3607298a7756a0e069929dcb69","Cc1cccc(CSc2nnc(NC(=O)CSc3nnc(C)s3)s2)c1",-6.199779099661047
"e1d0dcafe799cdadaf68b0b19790b255","O=C(Nc1ccc(F)cc1)c1nnc(C(=O)N2CCC(C(=O)NCCN3CCCC3)CC2)s1",34.56535147998832
"8688fc1a69b14b570d41018018b2ea2e","CCc1nnc(CNC(=O)Nc2cc3[nH]cnc3c(C)c2C)s1",18.69868787187932
"443995cc97d8be9e264af8c547074294","O=C(Nc1nnn[nH]1)c1ccc(OCC(F)(F)C(F)F)nc1",17.633287340636386
"e4af3ac770ad786022bb0098fde7e58e","CC1(C)CC(=O)C(CS(=O)(=O)c2ccccc2)=C(O)C1",2.2024803102689967
"ede29d6d584f2247f4f5302319fb994c","COc1ccc(OC)c([C@@H](O)CNC(=O)NCc2ccco2)c1",8.118169958111983
"489351ae8a34c09ecedd1da2c2ad9ec0","Cc1cc(CN2CCC3(CC2)C[C@@H]3c2nnc3n2CCCCC3)on1",2.7866966051361013
"db84a9439ddb1764ee908bbecbecb59f","COc1cc2cc(C(C)(C)O)oc(=O)c2cc1OC",11.990746672408507
"084af9effe6a1c5c06f4a3388827feda","O=C(c1ccc(Cl)c(Cl)c1)N(Cc1ccco1)c1ccc(O)cc1",17.85847223319789
"77504d349dc6e0dffc7fb88b33604e34","Cc1cc(OCCn2cc(C(=N)NO)c3ccccc32)ccc1Cl",26.725590116102317
"e9d918578dda2e439fb14e7af3f3bf46","N#Cc1cc(F)c(N2CCC(NC(=O)CC3CCCC3)CC2)c(F)c1",31.39853410210782
"cef9faf3a7db95af737a05c2b648c957","Cc1onc(-c2c(Cl)cccc2Cl)c1C(=O)NCCc1ccncc1",20.935563849934436
"01920114a36349f96853771e7d374361","O=C(CSc1nccc(O)n1)Nc1ccc(Oc2ccccc2)cc1",5.989304829964885
"d3eddb2b8095662e5be39915751fcea1","Cc1noc(OCC(=O)NC2CCCC2)n1",14.139083232719289
"0e6290a9b412d5a019e34ccf6448b258","CCc1cc2c(=O)c(-n3cnc4ccccc43)coc2cc1O",34.39168332236052
"29a905a8941d4af84eaba3f15e0883c8","O=C(c1cccnc1)N1CCC2(CC1)NCCc1c2[nH]c2ccccc12",60.60171561765108
"f96494dba4fa83fbdb40d6b849ecd0f5","O=C(CCc1cc2n(n1)CCN(C(=O)c1ccc[nH]1)C2)N1CCCC1",13.510663643228137
"c52839276144541f235b461b94769031","CC(=O)NNC1=Nc2ccccc2N(C)C(C)C1",5.077935329692827
"63de1bd154dea92f7d11ab8e10736032","Cc1oc(-c2cccc3ccccc23)nc1CN1CCC[C@H]1CO",36.76377350927114
"df5071b0a5227127af46968c81a8a142","COCC1CCN(C(=O)c2cc(COc3ccc(-n4cncn4)cc3)on2)C1",24.042733005246586
"087ea7274bb427e3b72b5fb675117e0e","CC(=O)NS(=O)(=O)c1ccc(/N=c2\ssc3c2-c2cc(C)ccc2NC3(C)C)cc1",4.94027415775252
"e6dabe9c94fc2f9e434f1d2b611bbbe8","CCOC(=O)C1CCN(Cc2cn(C)nc2-c2ccc(Oc3ccccc3)cc2)CC1",32.12007546853389
"152df2e2b07577e089324ad0a4ee9900","COCCC(=O)N1CCC(Oc2ccc(C(=O)NC3Cc4ccccc4C3)cc2)CC1",27.336264449158932
"ce490509552c56afb224941c6118ea98","CN(C[C@H]1CCCCO1)C(=O)c1ccc(CN2CCc3ccccc3C2)o1",22.33067990522999
"e4dac2e856ceab818b02e3e15dbb5116","O=C(Nc1nncs1)[C@@H]1CCCN1c1ncnc2sccc12",23.219463421307797
"6824833f34b846c14c7ba6bbfb66936f","OCCN1CCN(Cc2cccc(Oc3ccc(Cl)cc3)c2)CC1",38.81730090530107
"1f0f271a21d605a272a5ecd9e33e630c","COC(=O)c1ccc(CN2CCC(n3nccc3NC(=O)C3CCCC3)CC2)cc1",19.141570630489863
"373b804a8bc1df7919a882b8ade538f8","Cc1ccccc1S(=O)(=O)Cc1ccc(C(=O)NCCc2ccccc2)o1",3.7379442359235706
"da9957f51034879bdf4e8b60b10b97fe","Cc1cccc(Nc2ncnc3ccc(Br)cc23)c1",48.26316060084826
"65852e1d583194ed59062346e0e4c532","O=C(NC[C@H]1CN(c2ccccc2)C(=O)O1)c1cc2n(n1)CCCO2",5.871399679223867
"c767516f5e3036c486ea36a9821acb6c","CN(Cc1cccc2ncccc12)C(=O)c1cnc(Nc2ccccc2)nc1",47.92131052079958
"f30ead28b2224425ef0860e82e032a6b","CCn1c(CNC(=O)Cc2ccc(OC)cc2)nnc1SCC(=O)NC1CCCCC1C",-0.2442319390642324
"ec2d6b4c1de32209ce615d1731ef3aaf","O=C(CNC(=S)N(CCCN1CCOCC1)Cc1cccs1)NC1CC1",12.944347562713087
"46ecba64f7a8a49da7b853078461a1d0","COc1cccc(/C=N/n2c(S)nnc2COc2ccccc2)c1O",-8.766927392125076
"96d423d93b496c07e5f78f65744e1b36","CCCN(CC(F)(F)F)C(=O)c1csc(NC(C)=O)n1",7.148822770777426
"cdc94e926e1fe9917ed5923a7ae5d7e6","CC(C)(C#N)C(=O)NCc1ccc(OC(F)F)cc1OC(F)F",11.188408324851402
"6deb731725b9315199d41388d36b0aa7","CCOc1cccc(C2C(C#N)=C(N)Oc3cc(C)oc(=O)c32)c1OCC",0.417874096723305
"681215086f8129fd85fec4e2f4176121","CC1(C(=O)N2CC3CCCCC3C2)CCCC1",4.192579845385987
"1d5f68c6683c3de6c2b325ea1e43fd9d","CCSc1nc2ccc(OC)cc2cc1C#N",8.385451940770654
"bf14dc4f4e136656121a5ce63e97f590","CN1CCn2ccnc2C12CCN(C(=O)Nc1ccccc1F)CC2",25.79233517983066
"5e2e5c3854a497e756446e53bb70860a","O=C(NC[C@H]1OC[C@@H](N(Cc2cccs2)Cc2cccs2)[C@@H]1O)c1ccccc1",16.352466856516248
"c7e9b1cbf886457d608b60c092bbe9e0","O=C(CCc1ccccn1)N1CCCC(Nc2cccc(F)c2)C1",37.555015051815275
"3ccccdc177e722a99e05676337798c01","Cc1cc(-c2cc(S(=O)(=O)N3C[C@@H]4CC[C@H]3CN(C)C4)c(C)s2)[nH]n1",39.87784689915525
"5add42dd86bd24a29f17c3f86a065ec1","Cc1ccc(OCC(=O)N/N=C/C=C/c2ccco2)cc1C",2.998402799986735
"9863befc8f805521c77ffe88202bc0bc","Cc1nsc(C(=O)NCCC(C)C)n1",11.086043526556798
"380de2f72a1fa6d73451d3055b105b1e","CCCCN1C2CCCC1CC(NC(=O)C1CCCCC1)C2",29.362078278651083
"fd43564e8d501d7c9b107ff3378342ec","COc1cccc(CNC(=O)CN2C(=O)CC(c3ccccc3)=Nc3ccccc32)c1",10.11046507798222
"3086b3edf76d01d7b054d312a48ef159","CN(Cc1ccccc1)C(=O)c1cccn2c(=O)c3ccc(Cl)cc3nc12",21.71001094741023
"c9c7162e3453154d9604384a9951eb95","CN(C(=O)COC(=O)CNC(=O)C12CC3CC(CC(C3)C1)C2)C1CCS(=O)(=O)C1",4.820680350424045
"288d1b1dbd1337b9a67db38f7cd1ea41","CCc1cc2c(Nc3ccc4c(c3)OCCO4)ncnc2s1",46.52640084149907
"6f99914e491a3bda97ead975a9d65ab9","O=C(O)/C=C/C(=O)NCc1cn(-c2ccccc2)nc1-c1cccc(Br)c1",15.236239582126974
"00df1bacf3e3ddda42db1bb9a8f2829e","COC[C@@]12CCN(S(=O)(=O)Cc3ccccc3)C[C@@H]1CN(S(C)(=O)=O)C2",14.937536930772852
"a2f8557f9ce3dfe69e5c6e2c8c6ac505","Cc1cc(O)c2c(n1)c(C)cc1[nH]c(C)c(C)c12",10.059952444096984
"1c176fd26914f18b05a02f2cd58fb0ca","O=C(c1ccco1)N1CCC(c2nnn[nH]2)CC1",10.982437212092089
"27f2275006d803cecca1aac4bc645f09","Cc1ccccc1[C@@H](NC(=O)OC(C)(C)C)C(=O)OC(C)(C)C",16.30586646999965
"f960a97ebed76f4daf11264230c837ac","COc1ccc(/C=C/C(=O)N(C)CC(=O)Nc2cccc(F)c2)cc1S(=O)(=O)N1CCCCC1",28.61287963666171
"daf7bb87f8a566502d7ebf96708399df","COC/C=C/C1=CC(=O)C[C@H](c2ccc3c(c2)OCO3)C1",13.726925697821006
"6e4168a4c1495e9df8f8fad4dff5a391","CC(=O)Nc1ccc2sc(C)nc2c1",13.562050217348451
"30374be6ee0bc0e4bb037c01177d06ab","CCN(CC)c1ccc(NC(=O)CSc2nnc(N)s2)cc1C",13.32428337704936
"82f4c508c82bee7dd390fa6d757652ca","Cc1cccc(CN2CCN(CCCc3ccccc3)CC2)c1",32.38342861588822
"0a181f81ef4293e6f0db6ba32b50fda7","CCOCCCNC(=O)c1ccc2c(c1)ncn2-c1cccc(C)c1",27.05076427591289
"5fe6d9f8c502d0a4b332395897aeab0f","COc1ccc(C2CC(Cn3cc(C(C)=O)c(=O)[nH]c3=O)ON2C)cc1",10.050823779653175
"af80a86c30d3fdf07bdb9ce45d08e753","O=C(Cc1cccnc1)N1CC[C@@](O)(c2ccccc2)[C@H]2CCCC[C@@H]21",21.31722708563701
"4310fd65e43c9c863316df37943c1103","COc1ccc(S(=O)(=O)N2CC(OCc3ccccc3)C2)cc1OC",19.550334188111993
"09de60a16962ee8bd570bc1f6f1ad052","COc1ccccc1NC(=O)COc1ccc(C(=O)OCC(=O)NC(C)(C)C)cc1OC",2.380238369271168
"0ed9dd40351e5d358911040a5d376260","CCCc1ccc(OCc2ccc(C(=O)N3CCOCC3)cc2)cc1",17.66110703344164
"b7e1b1eeccaa735ce8521c1f14026c64","CC(=O)c1ccc(C(=O)NC2CC(C)N(C3CC3)C2)[nH]1",26.23996856625012
"993a39b43bce6111747e2f2722980131","O=C(CCc1ccccn1)N1CCCC(CNS(=O)(=O)c2cccs2)C1",12.350974133537996
"bfcb48bba5d037371b6c4df2ade34fcb","Cc1ccc([C@H]2C[C@@H](C(F)(F)F)n3ncc(C(=O)NCC4CCCO4)c3N2)cc1",16.86055626408262
"c2f9d7f6326f594226cc02bd7757e8b6","Cc1nc(C)c(CC(=O)NCc2cn3c(C)cccc3n2)s1",-0.076469738590775
"d13d74c86374972e3c24e404d5692ed9","COc1cccc(C(=O)N2CCN(C(=O)C[C@H](C)n3cccn3)CC2)c1",13.275571524605205
"066c97bbbc935294d9f8847ef4de5e8e","COc1ccccc1NC(=O)C1=C(C)N=C2CCCC(O)=C2C1c1ccc(C)o1",6.872421953458331
"779e0a4867e7def5fdbda4ac15318375","COc1ccc(C(=O)c2ccc(OC)c(Br)c2)cc1Br",8.241021764434098
"c9d6824d432da3a704492922d1a60686","O=C(Nc1ccsc1-c1nc(C2CC2)no1)c1cc(C2CC2)on1",24.751606251056263
"240e1b0c6221864aadedf8506e4628ec","CCc1ccc(NC(=O)N2CCN(C(=O)C3CCCO3)CC2)cc1",16.127200839105456
"3416c769dd432958239b6a304401ecbb","O=C(CNC(=O)C1CCCCC1)NCCCO",12.607873456368075
"086e383aa8d3038c9f9df7ae38ffbddc","CCc1[nH]nc(NS(C)(=O)=O)c1C",13.055014265204358
"38fb2691f7b8bd8342d5cf43687c7cc7","CCOC(=O)/C(C#N)=C/Nc1ccccc1NS(=O)(=O)c1cccc(C(C)=O)c1",9.328252521670109
"ccbbc05f3c8dc50fc9995d56533c3ba0","Cc1c(NC(=O)C(C)Oc2cccc(Cl)c2)c(=O)n(-c2ccccc2)n1C",6.808101435012113
"d2637726ff9f1d82adb9bf7a024672f7","Cn1c(CN2CCOCC2)nnc1SCC(=O)NCCc1ccccc1",5.761837190929398
"c3de6d255c84fe0297a2e30b0981cd28","CCN(C(=O)CN1CCC[C@H]1c1ccc2c(c1)OCCCO2)c1ccccc1C",33.25243369012488
"4fa56f633479dfecd1aec6d8f9016ba2","CCCCNC(=O)CCn1c(=O)c2ccccc2n(Cc2ccccc2C)c1=O",9.591954761328452
"0677ad6c11e6046e72ca9a60b0807a07","COc1ccc(CN2CCNC(=O)C2CC(=O)NCc2cnn(C)c2)cc1OC",-1.1240110331443618
"fd1b8c937dc96969c51127e9f97664f3","CC(C)NC(=O)C1CCN(C2CCN(Cc3c[nH]nc3-c3ccccc3)CC2)CC1",38.23748296026755
"2f60080a5139cd4beec6a26834013540","CCCc1[nH]nc(-c2cccc(OC)c2)c1NC(=O)COc1ccc(Cl)cc1",26.978435083555063
"8caf0555640da7c7dacc43ced8c16ec0","CCOC(=O)N1CCN([C@H]2CCc3ccc(F)cc32)CC1",23.81774961797983
"b4a50ab5a28ffcb890a54e38a877b0d1","O=C(O)c1ccc(/N=C(\NCCc2ccccc2)N2CCN(C3CCCCC3)CC2)cc1",22.349942941137396
"72d090b5b0c406af6216f232bd9c8f01","COc1cccc(-c2noc(N3CCN(C(=O)c4ccco4)CC3)n2)c1",25.14870500576099
"130b46aa2dc469c7a1b4a67b8f447564","Cc1nnc(-c2ccc(C(F)(F)F)cc2CO)s1",22.486738940482624
"7ee5765c9a0e284725e33920edd3637c","Cc1nnsc1[S+]([O-])c1ccc(F)cc1",6.8935062813490235
"794a5d2dc89952ecbb1aba07c8a18bd4","Cc1c(NS(=O)(=O)c2cccs2)c(=O)n(-c2ccccc2)n1C",-4.138329241716929
"fa857b938af5e5ead3d65f5bccb8e6cd","O=C(Cn1cccc1C(=O)c1ccccc1)NCc1ccco1",-4.703474391390508
"c31d26758d8c1f472e01a4b995486a69","CCOc1ccc(N2C(=O)CC(N3CCN(C4CCc5ccccc5C4)CC3)C2=O)cc1",9.265063785672982
"9d5b8fb07400a339071191515d1f1926","COc1ccc(N2CCN(C3CCCN(Cc4cccc(OC)c4)C3)CC2)cc1",34.69250943622008
"34c96714aa62f58511744aa9abe42b6c","Cc1cccc(C(=O)N[C@@H](C)C(=O)NCc2ncc[nH]2)c1",29.380348351066427
"b444c0027cf5ca118a3a14d172861aba","COc1ccc(NC(=O)CSc2nncn2N)c(OC)c1",-9.912184175901276
"209892f192dacfc4b3b2947a5e7a9d9f","COc1cc(N=C(S)N2CCN(C(=O)C3CCCO3)CC2)c(OC)cc1Cl",7.120969729037598
"8a393de6479b3970f6ec45fd5b26e691","Cc1cc(C)cc(NC(=O)CCc2ccc(C)o2)c1",6.374046778749883
"013f7bf911da433ec0b6d5ca3c2b0632","CCc1noc(C)c1C(=O)OCC(=O)Nc1nc(-c2ccc(F)c(F)c2)cs1",16.02218212143479
"05d3a80e22eab9fda751c57f589b19b4","C/C(=N\NC(=O)c1cccc(Br)c1)c1cccnc1",9.750472929271105
"47afece70af74b74845914ee8e7efec4","Cc1cc(C(=O)Nc2ccn(CCN(C)C)n2)nn1-c1ccc(F)cc1F",37.44945490200309
"7c6c5fd82578ae237447bbc998b6386d","O=C(c1cnns1)N1CCOc2ccccc2[C@@H]1CO",12.998337722290572
"137ff951e973b21456b6db9ca7c08b2c","Cc1c(C(=O)N2CCCCCC2)oc2ccccc12",15.535613830808838
"9c13ac0b0dc7f1ecd677b4d807e82187","Cc1ccc2c(c1)c1c(n2CC(O)CN2CCCCC2C)CCCC1",42.30143859144408
"c1fd0a7695c3f801df9299a5922364f1","Cc1cc(C)n(CC(=O)N2Cc3cccnc3C2)n1",5.349115681617006
"d445618f1835ee6f70c98eb646837ec7","CCOCc1c(C(=O)NC2CCCCCC2)oc2ccccc12",25.34756500609821
"7aafde563201bcae4d2dd981bbd34fde","Cc1nc(C2(NCC(=O)Nc3ccc(F)cc3F)CCC2)no1",25.541577555504276
"8f96492c2a3d0f9565a0049b94b80027","O=C(NCC1COc2ccccc2O1)c1ccc(Cl)cc1",10.223621257932226
"d4a872c152022f47f00ecd86bc6a5444","Oc1ccc(-c2nnc(SCc3ccccc3)o2)cc1",18.31833301788802
"4132894937ecafb9cf0de29550966ad5","COc1ccccc1N1CCN(C(=O)c2sc(N3CCCC3=O)nc2C(C)C)CC1",17.208397285920455
"929c6946887a2c1ae2e42a0b49b0a27b","C[C@@H](NC(=O)Nc1ccc(F)cn1)c1ccccc1",18.405390547024407
"ecc716cb4155a5d64aaf7441a681786c","Fc1ccc(CC[C@H]2CCCNC2)cc1F",28.678635596126583
"2ff1195942ab41a5554881b2360b1bcd","O=C(CSc1cccc[n+]1[O-])Nc1ccc2c(c1)OCCO2",13.510355437786645
"6ff177953ab5d2debd890a2462b0b51e","COc1ccc(C2c3c(oc4ccc(Cl)cc4c3=O)C(=O)N2CCN2CCOCC2)cc1",50.368501147274294
"deb5fdf55204406b281e5d954fc8b64f","COCCN1CCN(C(=O)c2ccc3oc(CCc4ccccc4)nc3c2)CC1",32.37178214717566
"2aebd1ef304964966f43a5cd797422a7","CCCc1cc(C(=O)N2CC(c3ccccn3)C2)cs1",14.943593439808522
"40e8a9b63132c9eaf2aa8720729a4370","CC(C)Oc1ccc(C(=O)NCC(=O)O)cc1",7.460718712809562
"da461153aa5d989dbe683e40c38dfb55","Cc1ccc2c(c1)N(C(=O)CCC(=O)NCc1cccc(Cl)c1)CC(C)O2",8.083885662835623
"1ce8f421181d7e079d15765b16821a62","COc1cc(Cl)cc(C(c2c(C(=O)O)[nH]c3ccccc23)c2c(C(=O)O)[nH]c3ccccc23)c1O",5.852522214211305
"bb75e4e6ac37f6fd3bd23994ccbf323d","CC(c1cnn(C)c1)c1nc(C2CCOC3(CCC3)C2)no1",17.39392006856277
"d28986180ddad93d32930f427f1cc0aa","Cc1nn2c(nc1=O)-c1ccccc1NC21CCCCCC1",10.374334447411773
"26407c74e7708ea39f4fa0783a9bdea2","Cc1nn([C@@H](C)C(=O)NC2CCCC2)c2ccccc12",15.573060600947883
"48436dd782d4fad795aba12400ff96fe","COc1ccc(CC(=O)Nc2ccccc2C(C)=O)cc1S(=O)(=O)N1CCOCC1",16.58320020280354
"d6979b3932cfdca93b792f98146fcd9d","C/C(=N/NC(=O)CCc1ccccc1)c1ccco1",3.391187143684945
"7319c0c5fc4cdd4f2749167b984d553e","Cc1nc(-c2cccc(NC(=O)N(C)CC3(CO)CCOCC3)c2)cs1",30.332507416125985
"458e11160c2a58489aa8cd80765a407a","O=C(CNC(=O)c1ccc(N2C(=O)c3ccccc3C2=O)cc1)OCC(=O)c1ccc(Cl)cc1",-2.081011132953712
"f26beb5201dadf5496c106cc942606a2","Cn1c(-c2ccccc2)c(C(=O)CCl)c2ccccc21",18.985962644096603
"d3896dcae30fe868382d78de46cf5727","CC(=O)N1CCN(c2ccc(NCc3ccc(C(C)C)cc3)cc2)CC1",30.995971949397696
"8df4b6aad0cbb568c2397ba5a5785da7","CCOc1ccc(NC(=O)C[C@H]2CCCN(c3cnn(C)c(=O)c3)C2)cc1",23.324503250450903
"1815593c41daa2d554b2528cc8d585d1","CCOc1ccc(Nc2nc(-c3sc(N)nc3C)cs2)cc1",44.36949201906655
"1fd3eca8b09e07236c6afbfeb756f5b9","CN(c1ccccc1)S(=O)(=O)c1ccc(C(=O)OCC(=O)NCc2cccs2)cc1",5.587331808433951
"bc3cb50382c80eb6dd4f3c43307ef5a8","COc1ccc(Cl)cc1[C@H](C)NCCS(N)(=O)=O",24.995200102037348
"5a69fbd372030c9de7895f81086009cc","O=C(NCCN1CCN(c2ccccc2)CC1)Nc1ccc(Cl)cc1",31.418730027277473
"c31cbc46a513cdf2f2f52a9fb39eb53b","CCC1Sc2ccccc2N(CC(=O)NCc2ccc3c(c2)OCO3)C1=O",5.362597537471073
"8291408367c5282c75bf8d4e0f334b89","Oc1ccccc1-c1nc(-c2ccccc2)nc(-c2ccc(Br)cc2)n1",12.748120548349869
"4884321c2dae599add8de1b621037d95","CSC(=N)N/N=C/c1cc(C)ccc1O",2.312046387799362
"b4032d96484d03e9d9a69d8e3f415d8b","O=C(CN1C(=O)/C(=C/c2ccccc2)Sc2ccccc21)NCCCN1CCOCC1",16.22520151119676
"9cf3054edcf1c528913600ff4e55917c","CN(C)c1ccccc1-c1cncc(C(N)=O)c1",27.232573297556197
"fc1bcda7c51a0e23e097bdf24e2f6cbc","Cc1ccc(OCC(=O)NNC(=O)C(=O)N2CCCC2)c(C)c1",-2.10580253747681
"31ba8eee894338fc0ec7071a5ea99886","O=C(N[C@H]1CCN(CCCc2ccccc2)C1=O)c1cc[nH]n1",27.820370583332124
"82057e801945d77f11b38539d3ec5878","O=C(Nc1ccccc1O)c1csc2c1CCCC2",14.568021551406533
"0058c76cb2d6babc6d490f29458f5daa","CN1CCN(c2nc3c(c(=O)[nH]c(=O)n3C)n2CCSc2nc3ccccc3s2)CC1",17.059637867967076
"79f2f0c1b3efa7d6a9f433e142127db5","CN1CCC(O)(c2cccs2)C(C(=O)c2cccs2)C1",20.226524879344055
"cb9882a06b1dc2a6b06d9e8e5c866554","CC(C)n1cc(S(=O)(=O)N2CCC[C@H]2c2ncccn2)cn1",12.086776584484982
"486cf3017fd1bfc8339a074b26aa9200","CC(C)(C)C(CO)NC(=O)c1ccc[nH]1",19.26280733794631
"7203642e5f7c1ca49f4777316294c4b7","C[C@H](NCc1nnc(C2CC2)s1)c1c(F)cccc1Cl",18.76948353708198
"973bf902bfca911d18a74d8f5ade2f97","Cc1nn(C(C)C)c(C)c1CNC(=O)N(C)C[C@H]1COCCO1",14.749376194426905
"84a023675956d818dd4db0670a2fee3b","O=C(CN1CCN(CC(=O)N2CCC[C@H](c3nc4ccccc4s3)C2)CC1)NC1CC1",32.255858375286664
"5bbb84d5800c74d24d80623ac025f258","O=S(=O)(NCc1ccccc1N1CCC(CO)CC1)c1cccs1",21.70610506430704
"ba83afd9003d91914145abc20c7e448c","CC(C)CN(Cc1ccccc1OS(=O)(=O)c1ccc(F)cc1)C(=O)C1CCC1",17.271709368328573
"6f98650e4ad1215735a65bdf5b3cc3bd","O=C(c1cccc(S(=O)(=O)N2CCc3ccccc32)c1)N1CCN(c2ccccn2)CC1",25.28862108108824
"a656e9ef347dc9f01005c36de446d35f","CC(C)[C@@H]1NC2(CCN(S(=O)(=O)c3ccccc3)CC2)N(Cc2ccc(F)cc2)C1=O",25.360331686860064
"4f5a2e98b8010c780d06f9eeb51de0b6","Cc1cc(C)cc(C(=O)NCC(=O)OC(C)C(=O)N(C)c2ccccc2)c1",14.240261437527469
"0691c1d73f02c9dbe5ea66ed8837e2b2","CN1CCc2c(sc(/N=C/c3cc(C(C)(C)C)ccc3O)c2C#N)C1",16.195744007836364
"ff1299307eec943bd3356dccf7ccb1ae","N[C@H]1CCN(C(=O)Cc2cccc(Cl)c2)C[C@@H]1O",29.626510720258572
"4f26592e9bc5c3a3231f737e596cd9c5","O=C(NCC(=O)N1CCCC1)c1cccs1",10.076091601902014
"a5c6ad50a5cdbaf93f62520dc13aae2c","COc1cc(/C=N/NC(=O)CCOc2ccccc2C)cc(Br)c1O",3.4553189748990074
"ace8bd3ebe1b03975d29531c39ec205f","CCCCC(=O)NC[C@@H]1C[C@@H]2c3cccc4c3c(cn4C)C[C@H]2N(C)C1",40.74620129942841
"6f17e2fa41b38bb84250a9f420d1fd54","CCn1cnnc1CNS(=O)(=O)c1ccc(C2CCCCC2)cc1",1.5862483067667323
"05f40bc7876cc6c6c8c29e2ee84e3627","CN1N=C(C(=O)N2CC3CCCCC3C2)CCC1=O",2.818754735010782
"7df9c3604fbfc3e04ef67924fc26656b","N#Cc1cc(-c2ccccc2)nnc1Sc1ccccc1",24.792924561441083
"7fd9653df953b763558449589a082379","CCc1nnc(NC(=O)CNc2ccc(C)cc2)s1",5.69731709863528
"b329ea0e4e3555e0de68f3bf29a03f7d","COCCN(CCOC)C(=O)Nc1cc(C)on1",10.191034288406843
"9447abdac0ddd7491a13cd8b30455590","N#Cc1ccc(CN2C[C@@H](CO)[C@H](NC(=O)c3cccnc3)C2)cc1",32.85454167916689
"cd87d472835e45d414e5e218c45b0ee0","S=C(NCCc1ccccc1)Nc1ccc(Br)cc1",9.319207048215675
"d93ac71f344b08d42aa55d84a96dbced","COc1cccc(C2=N/C(=C\N(C)C)C(=O)O2)c1",-8.89550352942629
"2526c47789f2f5554a7b421ed3decff1","COc1ccc(C(=O)NC(C)c2cnn(-c3ccccn3)c2C)o1",16.640332208870582
"105c258336afbae62d7bd9de03fa2b9c","Cc1cc(OCC(=O)NC(C)(C)C)ccc1Cl",4.7049228673859576
"96696441dd6906026ec4dbfe4b09a686","FC1=CCCN(Cc2cc3ccccc3nc2N2CCCCC2)C1",34.0797756954067
"e3a58d4507a7d4544b6d3e21fe64aa80","Cc1c(NC(=O)c2ccc(N3CCOCC3)c(F)c2)cnn1-c1ccccc1",24.992271805426473
"f059ad2250f0bf5e24c2fb6a85f9dc7c","COc1ccc2nc3cc(Cl)ccc3c(NCCCN(CCCNc3c4ccc(Cl)cc4nc4ccc(OC)cc34)C(=O)C(C)N)c2c1",61.35452893538584
"6a4c5315e10b45333d5a4e343b714711","CCCCCn1ccc(=O)c2c(C(F)(F)F)nccc21",20.52748245159501
"e78f88556a15a729cd53198829308f54","C/C(=N/Nc1nc(-c2ccccc2)cc(-c2ccc(F)cc2)n1)c1cccc(N)c1",26.926843866236975
"6f513f79acfe96faa6da8291b27e20d5","CC1CC(C)CN(C(C(=O)NC2CCCC2)c2ccc(Cl)cc2)C1",17.72490744829011
"03090bca4298313e5be6567a8527979d","O=C(Nc1cccc(-c2ccco2)c1)N1CCC(C(=O)N2CCCC2)CC1",31.839035452126076
"5b23e1d524e7fed3856eb2b9f8b8c613","O=C(NC(=S)N1CCN(c2ccccc2)CC1)c1ccc(S(=O)(=O)N2CCOCC2)cc1",11.822561279207411
"9cc9db13b0ffca47f706952151ce8428","C=CCn1cc(CN(C)Cc2nc(CC(C)C)no2)c(C)n1",3.002925894579065
"2c5df4eefaec33f67602f216110fcbe4","COc1ccccc1CN(C(=O)c1ccco1)c1nc2[nH]c(C)c(Cc3ccccc3)c(=O)n2n1",12.6910613478878
"5b77db1c277b511881ba60081db5b30c","Cc1c(C(F)(F)F)nn(C)c1NC(=O)[C@H]1OCCO[C@H]1C",13.961535783282534
"ad304e46738ea8f55a8c8d9e9c049a20","C[C@@H](CN1CCOCC1)NC(=O)c1cccc(-c2cncc(N(C)C)n2)c1",63.38015999161722
"f29a44f40ae7848a1f251fc3dc216bba","CCOC(=O)CCN(C)C(=O)[C@@H]1CCCCC(=O)N1",18.64529542932612
"2c4a4064605328cfd75c439d089f2a27","NNC(=O)c1oc2nc(-c3cccs3)cc(-c3ccco3)c2c1N",21.062237996557
"dc432f5390b2efcd467e3699a5f3605c","COc1ccccc1N(CC(=O)NCc1ccc(F)cc1)C(=O)CCC(=O)Nc1ccccn1",9.07381262683604
"eeaf27cd70d42de75190668a277b806d","CC(=O)c1cccc(NC(=O)c2ccc(S(=O)(=O)N3CC(C)OC(C)C3)cc2)c1",17.041462975807733
"16f49e392607bb40dc47389bb70a8d8c","Nc1nnnn1CC(O)c1c(Cl)cccc1Cl",6.872835804595205
"cde8b5b290d5368ea50f3852a504787e","CC(=O)NC(CCS(C)(=O)=O)C(=O)Nc1ccc(C)c(F)c1",8.776692559598473
"64f918d6666a9ec3017ff9231a25ed1e","CC(COc1ccccc1)N1CCC(CO)(CCc2ccccc2)CC1",20.541579957780524
"dc0018477f28497eb7bb058369354d47","O=C(c1ccc(-c2ccccc2)o1)N1CCNCC1",31.308524679033656
"dbe5fba7494246569d950cba86e6ec3c","COCCN(CC(F)F)C(=O)N[C@@H](C)c1cn(C)nc1C",13.940413956271833
"f20aff6b16cd6934a42ef23eec9d4271","CCc1ccnc(C(=O)N(Cc2cncs2)Cc2cncs2)c1",11.118149869170692
"e2122622de5b5c5eae3ac62947074323","O=C(CS(=O)(=O)c1ccc(Cl)cc1)N1CCOCC1",2.145818036471745
"a6c248dd58eb4855c759645c6655aa77","O=S(=O)(Nc1ccccc1F)c1ccc(Cl)nc1",9.900753849429895
"5d8eeb67439ff175409410a3e41c2da0","CCO[C@@H](C)c1ncc(C(=O)NCCC2(OC)CCC2)s1",9.745292303695315
"a36405f433785ec1475f76d040e8da3c","CC1CCC(NC(=O)C2CCN(S(=O)(=O)c3ccc4nc5c(c(C(=O)O)c4c3)CC(C)CC5)CC2)CC1",7.284135196398093
"26ebb8d429b350fd7e1494d23a5e3431","CC(C)(C)OC(=O)NC1CCC2(CC1)CNCCO2",26.815850936340382
"7b0cbe331ed51666cb7456b6e8cab4bc","CC(=O)c1cccc(NC(=O)CCNS(=O)(=O)c2cccc3nsnc23)c1",7.281346540093107
"cc2cb84c20d905cb2bb06bce1221efdb","COc1cccc(CN2CC=C(C(=O)N3CCN(c4ccccn4)CC3)CC2)c1",38.15376014154775
"52c3b720476354b588a1475e7937df14","Cn1c(-c2cccc(C(=O)Nc3ccc4c(c3)OCCO4)c2)nc2cccnc21",34.900663512934045
"1c84891ad9dbdfe9999768c76370d692","Cc1ccc(CNC(=O)NCC(=O)N2CCOCC3(CC3)C2)cc1",13.4501294161859
"db90588f5aff562c5e901c94c206ba9c","Nc1nc(CNC(=O)c2cncs2)cs1",13.2469100578391
"097266fd82e9aa7fbdaa962e39465cc5","COC(=O)C(Cc1ccccc1)NC(=O)CC(C)CC(=O)Nc1ccc(C)cc1",18.51268550512236
"27f129e12a6099de6f3489a454693091","Cc1cc(-c2cc(N3CCCC3)nc(N)n2)[nH]n1",37.37144154760431
"56f720532071f119b1939ef7f09f09ae","CCCCOC(=O)c1ccc(S(N)(=O)=O)o1",1.3246617021115714
"652330d0f2da64aa26f552cbfcba2fca","Cc1ccc(S(=O)(=O)N2CCC[C@H](n3cnc4ccccc4c3=O)C2)cc1Cl",23.87161992700269
"12a8248c028b6f86d799179d28ea4a22","O=C(CN1CCCCC1)NNc1nc(-c2ccccc2)c2cc(Cl)ccc2n1",29.151570291762052
"652158731577fbda30db2b17865fb71f","CCn1ncc(C)c1NC(=O)CCc1ccnn1C",8.784440252458275
"7b088699fcde95a3356dc092953b6637","O=C(O)[C@H]1C[C@@H](C(=O)NCc2cccnc2)CN(C/C=C/c2ccccc2)C1",27.392848269008024
"269d40f862413a5715795400068e6353","CCN1CCc2c(sc(NC(=O)Cc3ccccc3)c2C(=O)OC)C1",18.131723522682712
"3864414c9fe5b8fdc4001d79d4593e47","CCCn1nccc1C(=O)N1CCC[C@H](C(=O)c2cccc(OC(C)C)c2)C1",16.34730190012033
"f9ecd6ecf44d31551756f7337e909b5a","COc1ccc(CNC(=O)CCN2C(=O)c3ccccc3S2(=O)=O)cc1",-1.4874681626248152
"85921478ee08d1368c955d5ae8d93227","O=C1CC2(CCN(c3nc(-c4ccccc4)cs3)CC2)CN1",31.27276447162316
"f33ae963608808726df82608038cbb67","N#Cc1c(Sc2ncc(C(F)(F)F)cc2Cl)nsc1C/C=N\OCc1ccccc1Br",17.65650022196516
"50168c1ebb94edb78e9d7120c71b9999","CC(C)N1C(=O)C2C(c3ccccc3O)NC(C)(C(=O)O)C2C1=O",2.1728347821739455
"3d4d002681d9f28b5cfc6b8a9d52b96f","COc1cccc(-c2nc(OC(C)C)c3ccccc3n2)c1",28.884231103558054
"2291b9414915c79aa544e68016cc80c2","NC(=S)N/N=C(/CCc1ccccc1)c1cccc(Cl)c1",20.185794155895856
"cb5c82e0ebcd38f527384a0926b29ee7","CC(C)NC(=O)[C@]1(C)CCC[C@@]2(C)C3CC[C@@]4(C)C[C@]3(CCC21)CC4=O",6.038933274363207
"3a83ba6c3579f6bae2f7c7b5c618486d","Cc1ncsc1CCCNC(=O)Cc1c[nH]c(=O)n(C)c1=O",6.3482531293094375
"9ee8d22bb0e201420e5ea2080737d312","Cc1nc(C(=O)N(Cc2cccnc2)C2CCN(C)CC2)c(C)s1",25.855558808846983
"9384799f16e57188a5d3fab1d6d5a052","CCn1cc(OCCOc2cccc(OC)c2)cn1",11.054091761564186
"1210cf47069307e56c394bfa525a6674","CN(c1ccccc1F)S(=O)(=O)c1cccc(C(=O)NC2CC2)c1",19.949331902279372
"c48dd2f6ea5df54df0228b0fe2e72cd4","CCN1CCC[C@@H]1CN=C(NCCOC)NCCS(=O)(=O)CC",19.252368799123925
"691fb6ccb284186a025f5cc1bc41882a","CC(C)(C)C1=NN=C2c3ccccc3C(=O)C21",0.2202628558466099
"36586ee158c217213f007ea2dd94e7c0","CCCN(CCC1=CCCCC1)C(=O)[C@H]1CCc2nn(C)c(=O)n2C1",4.0598752285436515
"31586b70c3ed1ed7a795f1b05f05d6fb","CC[C@@H](CC#N)NC(=O)CC1(CNC(=O)OC(C)(C)C)CC1",20.140046685982647
"6b5468c6f4c55c49fe6a16e525773429","COCC(=O)Nc1ccc([N+](=O)[O-])cc1OC",0.7301928563857514
"860f283f35247124bfe1e57ae6bd6c89","CCCCOc1ccc(NC(=O)CN2CCN(Cc3ccccc3)CC2)cc1",28.909691117294823
"f3b6d7dcf507d2b21bab12e1d5ff0376","O=C(COc1ccccc1Cl)Nc1ccc2[nH]ncc2c1",35.16766729739528
"ad1ab8a81b2510fb69ac3b78477ee132","CN(N)c1nc(N)nc2[nH]cnc12",23.370832725690807
"4a8f6be07d13b7e62515f98c757c7225","O=C(CN1CCN(C(=O)c2ccco2)CC1)Nc1ccccc1-c1ccccc1",31.367111495187412
"266936abfe9bcb4e0fa749e2619a010e","COc1ccc(NS(=O)(=O)c2ccc3onc(C(=O)N4CCCC4)c3c2)cc1",21.736752256511117
"998ecff4aeeed6985177cb2e858ecb2e","COc1ccc(/C=C(/NC(=O)c2ccccc2)C(=O)Nc2cccc(C(=O)O)c2)cc1",-15.647381662936866
"a8ab30cc4263883d5f54de5eab4ce59c","CC(C)Cn1c(S)nc2cc(Cl)ccc21",10.96251542389199
"b8c157295fbd3ae5221764ffaa408b5f","NCC1CCN(C(=O)c2ccc(Oc3ccc(F)cc3F)cc2)CC1",28.72660388299267
"4424867a49e7b0da0a3c8bc90a8ed9a9","COc1ccc(CNC(=O)CN2c3ccccc3S(=O)(=O)c3ccccc32)cc1",8.625912433088645
"13464a9881dfff588962c6bc7862861f","COc1ccc(Cn2c(CCC(=O)N3CCN(c4ccccn4)CC3)nc3ncccc3c2=O)cc1",36.76034679886621
"27adf0c79947c84cda46dfa787d93619","CCOc1ccc(S(=O)(=O)NCCC(=O)N2CCN(c3ccc(OC)cc3)CC2)cc1",18.67230144035864
"e5c8a4f0cc36eeaae662c75fd26a3693","O=S(=O)(c1ccc(OCC(O)CN2CCN(c3ccccc3Cl)CC2)cc1)N1CCOCC1",32.81767082807014
"3dc3cfbd4a35437d4085ad8ac7e34226","Cc1ccc(CN(C)C(=O)c2ccccc2Oc2ccccc2)o1",17.342465757484486
"0c84a0a6cf7541d1bc39e5fa1c3266d6","COc1ccc(/C=C/C(=O)c2ccc(OCc3cn(CCCNc4ccnc5cc(Cl)ccc45)nn3)cc2)cc1OC",54.51851790839111
"7d2c538d7b2f5685f372a1817101a161","O=C(CSc1nnc(-c2ccccc2)c(-c2ccccc2)n1)N1CCc2ccccc21",6.785599267937321
"e3e971bc27c1ec659e1224f8731afd88","COCCc1nc(-c2cc3nc(C)cc(C)n3n2)n(C2CCCCC2)n1",24.20604142665671
"d9de35d835ff5d19f7ad780c03b63a7f","Cc1ocnc1C(=O)N1C2CCC1C(C(=O)N1CCc3ccccc31)C2",19.48575893008926
"9c2f8bd2e45b06abb62a2c8e2a2282f1","O=C(COC(=O)Cc1ccsc1)Nc1ccccc1",5.5144114592626785
"7d0dc6fd662c5d7298d651904d630a3d","CCN(CC(=O)Nc1ccccc1OC)C(=O)CCOc1ccc(C(C)(C)C)cc1",15.215570601982412
"227304739f6920a1446c959e8e5329a5","Cc1nc2ncnn2c(O)c1Oc1ccc(N)cc1",9.078071866684551
"07ee9985b501632549566aa97e182c11","CN(C)/C=C/C(=O)c1cnc2n(c1=O)CCS2",-7.745892122585273
"f3122db58c4ad01e8d742d5765bffbd6","O[C@]12CCCC[C@H]1CN(c1nc(C3CC3)nc3c1CCNCC3)CC2",42.39692017279559
"dcf436d9a1a46a1cd53bad338b626117","CCn1c(SCC(N)=O)nnc1-c1ccc(S(=O)(=O)N2CCN(C)CC2)cc1",11.88460897730096
"f5d345a317fe3dda7819559c944d065f","O=C(c1nn(Cc2ccccc2)c(=O)c2ccccc12)N1CCN(c2ccccn2)CC1",23.5833017965611
"f0836a1d3788ad5fbc15712b2a72cba8","O=C(CCC1CCN(C(=O)c2ccccc2F)CC1)Nc1ccc(N2CCOCC2)cc1",26.612934431524454
"04c4066e5ded2a93029e8bd096ed2764","CC(C)OC(=O)/C(=C\c1cccc2ccccc12)NC(=O)c1ccccc1",5.964809462974126
"7ef42cd44ceccc8aa927e61b63f6f838","Cc1ccc(OC(=O)CCN2C(=O)c3ccccc3C2=O)cc1C",3.523984633087997
"145c92728a0bed05f039eddecf32fdba","O=C(c1ccc(=O)oc1)N1CCCc2ccccc21",6.328324589401507
"094a2c608736b8d2cdd85a067f6b41d2","Cc1nc(CNCc2nc(C)c(C)n2C)cs1",7.223515086423002
"cb55190eb28cf29b74901aa95f3bb968","CCCc1nnc(NCc2cc3cc(OC)ccc3o2)o1",25.839768008706855
"c0dc41cb17ee9b0e13239ea08fbad811","CO[C@@H](C)c1cccc(NC(=O)C(=O)NCc2nc(C)cs2)c1",4.407508525264999
"707ae35d4c95abf78df664d9019b3069","O=C(NCc1nnc2ccccn12)[C@@H]1Cc2cc(Cl)ccc2N1",17.345626636308012
"2510be584949e30ebe119341b4f71535","O=[N+]([O-])c1cc(C(F)(F)F)cc([N+](=O)[O-])c1NCCN1CCNCC1",36.270585479701424
"c9590413dd4750d84d985d686032afce","CCN(CC)Cc1cnc2c(C(=O)NC3CC(C)(C)NC(C)(C)C3)cnn2c1",46.04950268679176
"e0c7f5ddefd4fa03e1b84d44fc9bca26","COc1ccc2sc(N(CCN(C)C)C(=O)/C=C/c3cccs3)nc2c1",35.18004563105918
"e26e724eb82ad27462b34d42d320ac44","Cc1nc(NCCc2ccc(S(N)(=O)=O)cc2)c2c(C)c(C)sc2n1",20.67428392451242
"beee00174a5ff8496e4f173a3b709124","CCN(C#N)c1nc(NC(C)C)nc(NC(C)(C)C)n1",16.243638739222895
"e8be52d7cb387e166d8f5a598ca851f0","CCCCN(CC)C(=O)CN(C)S(=O)(=O)c1cccc2nsnc12",9.647727850032217
"18e7bc982d8a354d9420285078551f20","Cc1cc([C@@H](C#N)c2ccc(Cl)cc2)c(Cl)cc1NC(=O)c1ccccc1",15.719807550263326
"ca31b0cc699e078ff885b4f3990d5863","C/C=C(/C)C(=O)O[C@@H]1[C@H](OC(=O)C=C(C)C)c2c(ccc3ccc(=O)oc23)OC1(C)C",19.267619206995192
"08ac0de7ad1d58cf68c3e024911cef4b","Cc1ccc(C)c(S(=O)(=O)N2CCN(C(=O)CCNS(=O)(=O)c3ccccc3)CC2)c1",17.029713948636342
"8cc5134e025f80cfa5375a9f32ee1abc","CC(C)(C)[C@H]1CCCN(C(=O)CCNC(N)=O)C1",11.49435422290072
"a234ce5c7085f44bb58179024afd3a18","O=C(Nc1ccc(F)cc1F)c1cccn2c(-c3ccc(F)cc3)nnc12",22.83129748172904
"fa4711bf4b0ed72b414fb8e6c1834c06","CCc1ncnc(N(C)Cc2cc(C)on2)c1F",18.93098467050655
"637699bec2fd46090e23f3296c365180","CC(C)c1[nH]ccc1C(=O)NCC1(N2CCOC(C)(C)C2)CCCCC1",32.67668466416803
"083b569efe85ea8b69d403f0eb0f94e9","O=C(Cn1cccn1)NCc1cccnc1N1CCCCCCC1",9.858831683632364
"1c4a7eebd2b1f3670a3d20c9e13e7e83","CC1CCN(C(=O)COC(=O)c2ccc3c(c2)C(=O)N(Cc2ccco2)C3=O)CC1",2.775392877628755
"0eccb30be64bdc0b94f412d6d8dd8cf9","Cc1oc(-c2cccc(Cl)c2)nc1CS(=O)(=O)CC(=O)NCc1ccco1",5.970791809752105
"9eb21bf47033199ca1e86963aa5f147e","O=C(CSc1nccn(-c2ccc(Br)cc2)c1=O)NC1CCCC1",-0.3988859736996499
"ea4100b8e178d49f576d128b8f683f0f","CN(Cc1cc[nH]n1)C(=O)CCc1ccc(-c2ccc(Cl)cc2)[nH]1",33.80308598250664
"f6b401aa3a890d1ab384a15bc9fd5add","Cc1ccc(S(=O)(=O)Nc2ccncc2)c(C)c1N(C)S(=O)(=O)c1ccc(F)cc1",17.256980328087316
"c44836070ae0648122424fdaa4d15b66","O=C(c1ccc(F)cc1Cl)N1C2CCC1CC(n1ccnc1)C2",29.177162522618936
"c504f5fed1bf34656db0dfecf73a59cf","CCN(CC)c1ccc(NC(=O)CCC(=O)N2CCCN(c3nc4cccnc4s3)CC2)c(C)c1",29.05260337582085
"f016cb2a6bea91c45170b7f46a6dcddd","Cc1ccccc1CN(C)C1CCN(C)CC1",28.34708819527641
"1ea1a5fa65f180c0a81254ad2a3ea184","O=S(=O)(Cc1ccco1)C1CN(S(=O)(=O)Cc2cc(F)ccc2F)C1",11.225487146062669
"1a79cdda844f99ae7af910f24c015874","CC(C)C(=O)N1CC[C@]2(C1)c1nc[nH]c1CCN2CC1CCCCC1",28.444955301281333
"306bfcc89e9b9da1c325222aa596b9fc","Cc1nn(-c2ccccc2)c2nc(C(=O)N[C@H]3CCCOCC3)ccc12",22.67145944198633
"08051cf53de340730a1a3616a9aa56ed","CCCNC(=O)c1c(N)n(-c2cccc(OC)c2)c2nc3ccccc3nc12",21.60653376647974
"37fd53632fb049c51044b7a33396998f","O=C([C@H]1CCCN(c2ncnc3c2nc2n3CCCCC2)C1)N1CCc2ccccc2C1",19.803871526907603
"24f0110ee8f62be339159a9ba669d6d1","O=C(O)C[C@@H](O)C(=O)O",
"78a2c5d186fcdf4972f94c70c98db254","COCCc1nc(CCn2nnnc2C)n(-c2cc(Cl)ccc2OC)n1",14.042925962332086
"9e74ab0c5b81d8c46c06315476de7385","COc1ccc(CCC(=O)N2CCCC(Nc3ccc(OC)cc3)C2)cc1",34.243938274198634
"b7549d97de41b2ad70cbdf9ce1687f7e","Cn1cc(C(=O)OCCC#Cc2ccccc2)cn1",14.552969090410857
"9b47f35126674a4cf38dcde4145713cc","O=C(c1ccco1)N(Cc1ccccc1OS(=O)(=O)c1cccc(C(F)(F)F)c1)C[C@H]1CCCO1",17.344135780511703
"888e6a07f6886578d5253c593bfee5ac","O=C(Cc1ccccc1)NCC(=O)OCC(=O)c1cccs1",4.454569498852442
"65254ec230db65960b730710c318bab8","COc1cc(C2C(C#N)=C(N)N(N(C)C)C3=C2C(=O)CC(C)(C)C3)cc(OC)c1OC",-16.973893228069667
"951a17ed7bac25c3a32ba9a4ddd0cc83","COc1cccc2sc(N)nc12",18.609656837488544
"6b536fe3cc8983dfb1a2dc3710362815","CCOC(=O)C1CCCCN1Cc1ccc(-c2ccccc2)cc1",21.797593127116368
"8dde36ffdab87a5a1e3d6bd786c487b4","CCc1cccc2c(C3=CCN(C(=O)Nc4cn[nH]c4)CC3)c[nH]c12",45.43031204837909
"31ed73f1abd7f2380bb9537e8ce5bee4","COCC1(C(=O)N2C[C@@H](c3cccc(OC)c3)[C@@H]3[C@H]2C2CCN3CC2)CCC1",30.345375727691565
"2eb8403bc20480dd3bb0248943fc7db4","CC(=O)N1CCc2cc(CNS(=O)(=O)c3ccc(Cl)s3)ccc21",5.980593573407994
"50af9d9a3a358d10fda150be35f7398d","Cc1cccnc1N=C(S)Nc1ccc(Br)cc1Cl",10.454861573267925
"748c4a3827d9710a30db0226b67ad973","CC(C)N1C2CCC1CN(C(=O)c1[nH]nc(C3CC3)c1Cl)CC2",29.65051187391384
"3729a45c4d8e5d112aacf1a6a11dbae3","C#CCCC1(CCC(=O)N2CCN(CCOC)[C@@H](C)C2)N=N1",19.762120729120287
"245c9ac5b56107925ef2626633d51f4b","CCc1nnc([C@@H]2CCCN2S(=O)(=O)c2cccs2)[nH]1",12.296160731381915
"27e125fead5ff2bfc7f5a34ea7496edb","Cc1nnsc1C(=O)N1CCn2nccc2C1",-1.3538279327300562
"2ea66261ecee7e1a65c07dcab797649c","Cc1ccc(C)c(NC(=O)CC(=O)N2CCc3[nH]nc(C(C)C)c3C2)c1",14.255660415971258
"ea5a17d285b0164ca09f18eec28da99f","COC1CCN(C2CCCC2NC(=O)c2ncnc3[nH]ccc23)C1",65.76179788642743
"62dfec6b0a5cc8a59aa498943920b3be","CC(C)(C)NC(=O)NC(=O)CN1CCN(S(=O)(=O)/C=C/c2ccccc2)CC1",16.25624647619732
"c7d2d70c69d800c26bd5efa88f54a4cf","Cn1nc(-c2ccccn2)cc1CNC(=O)c1cccs1",11.074892827077075
"c9622aa96799200375c4ea78f2207833","Cc1ccc(N2C(=O)c3ccccc3NC2(C(=O)O)c2ccccc2)cc1Cl",11.951903166521076
"b065aaf4ba5e0587741e3bf0f20be264","CC(NC(=O)c1cccc(C(=O)NC(C)c2ccccc2)n1)c1ccccc1",13.567283141632398
"f49dc566c70cb7594b40602c0d695238","CN(CCCc1cnn(C)c1)[C@H]1CN(Cc2ccoc2)C[C@@H]1O",31.180496039451672
"32e96d9e700899b22cdb69f97a24f5e2","Cc1nc2ccnn2c(C)c1C(=O)N1CC[C@H](S(C)(=O)=O)C1",17.502442764831127
"e3f1863d8ce5a1d8ba7a7cf1443340e3","C[C@H](O)CNc1cncc(OC2CCCCC2)n1",37.70985774448402
"3b02d7eb4e71bb652070f7ca9947001e","Cc1cnc(Cn2ccnc2-c2cnc(N(C)C)s2)cn1",21.01145328517851
"00506f02073479dd7c6db06d49d6c7ac","Cc1nc2ccccc2n1CC(=O)NC1CCCCCC1",10.705775945501305
"38fa325eacfba2112f4b812cc20051e1","O=C(Nc1ccc2nc(N3CCOCC3)sc2c1)c1ccccc1",27.47462687214767
"60036a800019ee33d1749e9126aa56f5","Cn1c(COc2ccc(-c3ccccc3)cc2Cl)cc(=O)n(C)c1=O",19.49342890643233
"05b4f4b185a6578d6cfec6dcb58f91bb","Cc1nc(N2C[C@H]3CC[C@@H](C2)NC3)c2ccsc2n1",48.22907327220301
"bb762252e634b42ccf688d627869b525","Cc1ccc(NC(=O)NCCc2ncc(C)n2Cc2ccc(F)cc2)cc1C",15.469313043470972
"5b8fce4c9451e0ddf48eda83e530147b","CC(NC(=O)Nc1ccc2c(c1)OCO2)c1ccncc1",14.907054486152832
"b6c6f25404bdc7d090bee993d45ab76e","O=C(c1cc(Cl)c[nH]1)N1CC(CO)C1",20.362668138672255
"a7c48fef70e1df0c86b004a1abf15261","COCCn1c(-c2ccccc2Cl)nc2c(c(=O)c3ccccc3n2C)c1=O",37.139213906730134
"4f7feaf06bf16a4c4b77fb2118f764a4","Cc1cc(C)c2nc(NC(=O)CSc3ccc(F)cc3)sc2c1",6.07840734327303
"d4a11a0adbf6b0dd63a0651c84524cf1","Cn1ncc(C#N)c1NC(=O)C1CC(c2c(F)cccc2Cl)=NO1",7.822245730996785
"a99a7dc982390ff30133d1d7cd7b8f4f","Cc1nc2cc(Cl)c([N+](=O)[O-])cc2s1",9.35519776100143
"8660d17d229dd685c706fdb0c36e9e10","CC(C)CN(CC(C)C)C(=O)c1ccc(C(=O)N(CC(C)C)CC(C)C)nc1",9.56510041112146
"37378d801ec76531d57145a428ecff22","COc1cc(C(=O)Nc2ccc(C)cc2)c(-n2cnnn2)cc1OC",8.17734230212394
"c16ed3c22c03a9f460c634a62ee9d4c4","Cc1nc2ccc(N3C(=O)[C@H](C)N(Cc4ccccc4)C3=O)cc2o1",23.24738376237965
"7c23c0da750afd3361496f4d5ab83197","O=C(Nc1nc(-c2ccccc2)cs1)C1COc2ccccc2O1",14.380013819514566
"0a727184ede8a848fa6b8cdbfbabc73d","COc1ccc(NC(=O)CCNC(=O)Cn2cnc3sc4c(c3c2=O)CCCC4)c(OC)c1",-5.040165581528816
"85e180c0129ee8018f792db95041bfe2","O=C(CN1CCOC1=O)NCC[C@H]1CCCOC1",10.97730551672046
"decd76735f6dd543a335c286b222d5bb","Cc1ccc2c(c1)-c1c(ssc1=S)C(C)(C)N2C(=O)CSC1=NCCS1",14.321754149514126
"028057c506539c8710f03841565282ed","C=CCc1cccc2cc(C(=O)N3CCN(C(=O)OCC)CC3)c(=O)oc12",7.969374603579579
"f8de11c4d737e43ef0c02cf101fa9257","COC(=O)c1conc1C(C)(C)NC(=O)c1cc(Cl)cn1C",8.47866927270882
"1bdd10781f9ccd15e3e292c04b1aa1be","COc1ccc(NC(=O)Cn2cnc3c(nnn3-c3ccc(C)cc3)c2=O)cc1",-14.953983103510632
"7aa2db224bd9e02a827fb50d6fce14f3","COCC(=O)N1CCc2cc(NCc3ncc(Cl)s3)ccc21",24.214905261923025
"bf7e1b850fc2511455334547a1660be9","CCOC[C@H](C)OC(=O)c1csnc1C",5.171886145008337
"ac078d9d99ff83ad681fea7633cc6355","COc1ccc(OC)c(S(=O)(=O)n2c([N+](=O)[O-])cnc2C)c1",3.33420255643583
"85ab92abf8d8c9257c3d9a06cf66d3ef","CCOc1ccc(N(CC(=O)NCc2cccnc2)S(=O)(=O)c2ccc(F)cc2)cc1",12.434358453911663
"9c6dd2e8df68707454371eb1503f6414","CCn1c(S)nnc1-c1ccoc1C",4.746018109228072
"f57678f161df204c7a2f97634b0f44c2","O=C(NCCc1ccccc1)N[C@H]1CCc2nn(CC3CC3)c(=O)n2CC1",5.822195653895056
"b2161b06c7febab90f1670ed73162725","CN(C)CC(C)(C)CNC(=O)C(=O)Nc1ccc(N(C)C)cc1",14.905420530612638
"0048a27a0a921e4ae15e0d8e7ba109dc","CNC(=O)[C@H]1CCN(c2ncc(F)c(OC)n2)C1",32.76382722841006
"1b88ca816b61ea66fc70971f01dbefef","COc1ccc(C(=O)C2CCCN(C(=O)/C=C/c3c[nH]cn3)C2)c(C)c1",25.39730476306052
"54e21c7d0058e75cae858fca4679329e","C/C(CCc1ccco1)=N\NC(=O)CNc1c(Br)cc(Br)cc1Br",5.761226078606054
"4cb56e4f2eb4791fd48fc9452a8949cd","CC(C)C(C)(C#N)NC(=O)CSc1nc(C2CCCCC2)n(-c2ccccc2)n1",10.78780216226452
"d686b34ba69b60b0741b6052ccb633db","O=C(CSc1nnc(-c2ccco2)o1)N1CCOCC1",5.387703394978727
"bce904bd9cfd097066e49e4a69c4a4b0","CSc1ccccc1N=C(S)NCc1ccc(Cl)cc1",4.9871285708577675
"728ac6db274a4084e5bde09a572afd41","CCC1(CC)CN(C(=O)c2cc(C)c(C(N)=O)cn2)c2ccccc21",18.611765553921582
"618f17c5630b8d4af45bb92cd224e1e0","CCN1C[C@@H](CN(C)S(=O)(=O)Cc2cc(F)ccc2Cl)CC1=O",16.619147050668804
"9f69ce98d2dcf4fc780f64e91fa92907","COc1cccc(-c2nc(CS(=O)(=O)CC(=O)NCc3ccccc3OC)c(C)o2)c1",11.258672045936848
"87e3632f7922ba07c810b36dfb728a28","CCOC(=O)C(C)N1CC(C)OC(C2CC2)C1",5.908105285065933
"eb2293bc3fc04bc9296e61dcbe5e2e33","Cc1cc([N+](=O)[O-])ccc1NC(=O)CCC(=O)N1CCCC1",4.143017657826626
"eecaca7f0b01575bbcd68ab62ee97d2a","CC(C)NC(=O)N[C@@H]1CC[C@H]2CCOc3ccccc3C(=O)N3CCN(Cc4ccc5c(c4)OCO5)C[C@H]3C(=O)NC[C@H]1O2",33.60717005422734
"d882f46b4ad9ce9e3d478b541fb5a863","O=C(Cc1ccn[nH]1)N(CCc1ccccc1)[C@H]1CCOC1",17.713749432652165
"0e8d2684e406462ad75f07dae1557460","O=C1N(C2CCCCC2)C[C@H]2CN(S(=O)(=O)c3ccccc3)CCN12",16.194633564828294
"1b14a12b7c28dbefe721e114ee3b1afe","CC(=O)c1ccc(NCCC(=O)c2ccc3c(c2)OCO3)cc1",14.8465959264879
"a19e66e5caea2b6f69b271c11c5926b8","CC(=O)NCC1=CCCN(Cc2cc3c(cc2Cl)OCO3)C1",16.041979144973965
"beff80f935140fbc5bffcdc2efd0935d","C[N+]1(C[C@@H](C(=O)c2ccccc2)c2ccccc2)CCCCCC1",17.25666700645917
"b775f257a092d360812182d72e3acff5","COC(=O)CCc1sc(Nc2ccc(Br)cc2)nc1-c1ccc(OC)cc1",36.272766201380946
"136949db7b5ed8da6f2b2d77b5ac98d6","CC(C)COC(C)C(=O)NC(C)c1cccs1",6.843631863323967
"555cb6b5edb243d8b509d2673180df5f","O=C1C[C@@H](C(=O)Nc2ccc3c(c2)OCO3)n2ncc(-c3ccc(Cl)cc3)c2N1",15.795225763044094
"3c7ce4e030c8ec80bf40ee0a84eb602c","CN(C)c1ccc(-c2noc([C@@]34CCCC[C@@H]3NCC4)n2)nc1",32.88263950646765
"3990563b5684fb78bcac9e280b807108","COc1cc2c(C(=O)N3CCN(c4ccccc4)CC3)c(C)oc2cc1Br",21.67176549451239
"eb23dcb40c4c53f426429b18bc0525c2","CC(OC(=O)C1CCCO1)C(=O)NC1CCCC1",13.924888714990177
"2f35bfe9c4374ee58e69e6ec3d42d5e7","CS(=O)(=O)c1cccc(-c2nnc(C3(c4cccc(Cl)c4)CCOCC3)o2)c1",31.938264542497773
"3172f4f6ec5d8121e78acb161977ecd1","S=C(Nc1ccccc1)Nc1ccc(Cl)cn1",7.554005857884389
"041f260e9f7f9ca840e810fc00e10daf","O=C(O)Cc1ccc(NC(S)=NCc2ccco2)cc1",0.0964477142777332
"25f6a3730003ede5c041f00dc4e35243","CC(C)C[C@H](NCc1nc(N(C)C)no1)c1cccs1",20.997287729610346
"e2224bebc8bcd235ef2fe059460e7b8f","Cc1ccc2[nH]c(SCC(=O)Nc3ccc4[nH]c(O)nc4c3)nc2c1",8.160471895804475
"02e9bc70f9992dc676c2c25a21622150","CC(=O)NC12CC3CC(C1)CC(C(=O)N1CCN(S(=O)(=O)c4cccc(F)c4)CC1)(C3)C2",21.413963219904776
"6d717451408a2d8cd485043c1039dc79","CCC(C(=O)NCC(C)c1ccccc1)n1c2ccccc2c2cnn(C)c(=O)c21",6.040157438259524
"7f5a35d438b1af72be23fc3ae5af9db9","CC(C)c1ccccc1OC[C@@H](O)CN",18.830735614279135
"a65ed817281f6949f0a5429c4582adf3","CC(C)[C@H](CNC(=O)c1cnn(C)c1N)Cc1ccccc1",27.85825645411885
"25f74d8b6269743f7bc3d059ba79d29a","CCOCCS(=O)(=O)NC(=O)c1cccc(C)n1",10.803112700946432
"eacec5cf28a1150acf31ac5aaf3a2b6d","Cc1ccc(-c2csc(NC(=O)c3cnsn3)n2)cc1",13.221578215179484
"f8568dad0ab3c06f335693e8a30c82d1","O=C1CN=C(c2ccccc2Cl)c2cc(Cl)ccc2N1Cc1cccc([N+](=O)[O-])c1",19.363873675601617
"534e85900a6438ae00425438ad0bcb4d","c1ccc(-n2ncc3c2CCC[C@@H]3NCc2cccnc2)nc1",28.81083085815947
"4a3cbe03b2d2b995f463a6e50c50f616","COc1ccc2c3c([nH]c2c1)C1(NCC3)C(=O)Nc2ccccc21",77.08252284368527
"a0aa4754daf998d2cf5552a74c1d9fb4","COc1ccc(Cl)cc1NC(=O)N1CCC[C@H](Cn2cnc3cccnc32)C1",31.34589753073726
"0a433245959dcd1ee1ddd15fa89e77be","O=C1CC[C@@]2(CCCN(C(=O)c3ncccc3O)C2)CN1Cc1cccnc1",20.387715284863795
"abb516c924172b13e40f6a0c504fe90c","COc1ccc(CCNC(=O)C[C@H]2C(=O)NCCN2C2CCCC2)cc1OC",14.435540686044511
"70473889ed4960fa9684cf17ba63ec1c","Cn1c(=O)n(Cc2noc(C3CC3)n2)c2ccccc21",10.521306614638856
"3d526cf0dd809affe1080d73d113bf40","CCOC(=O)CN1CCC(c2cc(-c3ccc(Cl)cc3)[nH]n2)CC1",42.39719937746406
"b413d7e9a64ce8ab04cbbbac7315dffc","CC(C)(C)OC(=O)N1CCN(c2ccc(N3CC(=O)N4[C@H](c5ccc6c(c5)OCO6)c5[nH]c6ccccc6c5C[C@@H]4C3=O)cc2)CC1",78.88978211520762
"d5a61c0ed6d64062782f5b8246b838dc","O=C(NC1CCCCC1)c1cc(S(=O)(=O)N2CCOCC2)c(Cl)cc1Cl",18.424284270444662
"356f6fe6d067a921e6d3c6e2312f9e9c","CO[C@@H](C(=O)NCc1ccon1)c1ccccc1C(F)(F)F",8.37896988628125
"1f3795c7ad310d9630a3276743d96f4b","CCN1C(=O)CS/C1=N\S(=O)(=O)c1ccccc1",5.418714185948086
"01ef3effdc936ac41c860f62dc0f944d","COc1ccc(Cn2nnc3ccccc3c2=O)cn1",5.874495573389868
"1069a8ac9ac37e3b7a5382c0b9e4ced9","COc1ccc(N2CCN(CCCNC(=O)C3(S(=O)(=O)c4ccc(Cl)cc4)CC3)CC2)cc1",23.90011882782067
"b82dbce478b7766470170efe75546e82","O=C(O)C(c1ccccc1)N1C(=O)/C(=C\c2ccc(-c3ccccc3Cl)o2)SC1=S",0.4665834718816456
"d281f1ea10003aff456017739fd1ab65","COc1cccc(-c2noc(-c3ccoc3)n2)c1",27.020105103839853
"c353373210d0543013526cab57fe72aa","CS(=O)(=O)N1CCCN(C(=O)NCCc2ccccc2)CCNC(=O)C[C@H]1c1ccccc1",14.182648065203532
"d1fc302fc1bb90a9ceea9742b066d5d3","Cc1cc(CS(=O)(=O)N2CCN(Cc3ccccn3)CC2)no1",14.393508296824782
"691fefb5549c8ee7d7dacdf18174fe85","O=C(COc1ccc(Cl)cc1)NCCCNC(=O)c1ccccn1",13.928352477984305
"ecf495eed6f7d843f0efc432301070ec","Cc1cc(C(=O)N2CCC[C@H]2c2nnc(-c3ccccc3)[nH]2)nn1C",15.493940042949792
"6318f7a270df31862a5f6cb5559886f2","O=C(O)[C@H]1CCN(C(=O)c2cccnc2Oc2cccc(Br)c2)C1",21.33875914105873
"6878cb5577a7cc2143325adcea486865","COc1ccc(OCCCC(=O)N(CCC2=CCCCC2)c2c(N)n(Cc3ccccc3)c(=O)[nH]c2=O)cc1",0.3561634892390358
"fed260b76feeeb54da7c15991116fe3c","Cc1cc(NC(=O)CCC(=O)N(Cc2ccco2)C(C)(C)C(=O)NC2CCCCC2)no1",9.705274412471198
"2f869ad631e52d2a9d457f8f9f394d25","C[C@H](Nc1ccc(C(F)(F)F)cc1[N+](=O)[O-])C(=O)O",11.145148429331728
"193653e293fb1052f1d44aa81d653151","O=C(c1cccs1)N(Cc1cc2ccccc2nc1O)CC1CCCO1",14.241043863069583
"cf3771d7fcdc423f89d17f94339bc525","CCCCn1c(=S)[nH]c2c(oc3ccc(Cl)cc32)c1=O",4.80537354969152
"abee8826fbd3cd86a582ad784c3b7dd3","CC(C)(C)c1ccc(OCCNC(=O)c2nc[nH]n2)cc1",12.63647216859445
"c374f3e900f38a099bfdf035281aa1cb","CCn1c(=O)c(-c2ccc(C(=O)NC3CCCCC3)cc2)nc2ccccc21",26.509017971592417
"41ebce83edd49957b69ffaf9196cc676","COc1ccc(NC(C)=O)cc1S(=O)(=O)N1CCc2ccccc21",13.67087923902573
"a1c293f1d249ccd84f9d88d81e43b2df","Cc1cc(C)c2nc(-c3ccccn3)cc(C(=O)Nn3cnnc3)c2c1",6.7752479254554405
"e7d895c0927073deee3ed04dd3691cd0","O=C(CSc1ncccc1-c1nc2ccccc2[nH]1)NCc1ccco1",33.780337698972936
"664ff77686069c7515e94adfe87f1645","Cc1c(OCC(=O)NCCCN2CCOCC2)ccc2c3c(c(=O)oc12)CCCC3",25.175385883834945
"bad3cc174e1089f04e1efe2952762ff8","CNS(=O)(=O)c1ccc(S(=O)(=O)NC)n1-c1c(Cl)cc(C(F)(F)F)cc1Cl",12.59571835231464
"ec453eee3f53e40ad9f25bda1b235145","Cc1noc(C)c1CCC(=O)Nc1c(C)noc1C",15.095301134951384
"60276838c60670c7b899a240bc3afca0","O=C(Nc1ccc(N2CCOCC2)cc1)c1ccc(Cl)c(S(=O)(=O)N2CCCC2)c1",30.069200999721403
"9af0303d11a60109b9cfdced0bea6fc6","CCOC(=O)c1cnc(SCC(=O)OCC(=O)NC2CCS(=O)(=O)C2)nc1N",-0.7554691913946182
"184123e4fc9639545d5b3a8a96e52cb8","Cc1ccccc1-n1c(SCC(=O)N2CCN(c3ccccn3)CC2)nnc1N1CCOCC1",22.872890617762625
"2c21f9f6f02a6dbe354d0fc3e616397d","Cc1cccc(C2CC(c3ccccc3)Nc3ncnn32)c1",-2.185348070472716
"85f3c09973b147c017ff050235e016b1","N#Cc1c(-c2ccccc2)cc(-c2ccccc2)nc1SCCC(=O)O",5.283551633491142
"fdea7d76d5fcbd47bffa03c082e2c7ed","CCN1CCN(C(=O)Cc2c(C)nc3nc(-c4cccs4)nn3c2C)CC1",18.780657690586033
"543a982f5650c1edac181b8c700a455e","CCC[C@H](C)N1CC2(CCN(C(=O)Cn3nccc3C)CC2)OC1=O",13.245895605674768
"748c2bd53e5ffb4cafed615c9864f108","CCc1ccc(N(CC(=O)NCc2ccc(F)cc2)C(=O)c2csnn2)cc1",14.010176499380004
"8a81a4df56a26517eac102825c65075e","Cc1csc(CCNC(=O)c2ccco2)n1",9.1022067662283
"e5535fbeedd8aa33518c7ee1bc179446","CCO[C@H]1C[C@@H](O)C12CCN(C(=O)CCc1c(C)noc1C)CC2",19.200548065988695
"1f9ccbfc462ee80730626c7d819581a6","Fc1cnccc1N1CCC[C@H](CN2CCCCC2)C1",46.58900516491174
"6ea05517e3d718b42e7d67ff01f7e618","COc1ccc(C(=O)N[C@@H]2CCC[C@@H]2C(=O)N2CCN(c3cccc(C)c3)CC2)cc1",24.62333965954924
"ab85962b450e0c40756331f0808f400a","O[C@H]1CN(c2cnc3ccccc3n2)C[C@@H]1N1CCCC1",41.59458251079736
"22a99005b6ef11ef4e6f4f83149127c0","Cc1ccc(OCCOC(=O)c2sc(=S)n(C)c2C)cc1",5.983002872622852
"3d9de2f25b339aecbc3668f9251df7b2","O=C(CCCSc1nc2ccccc2[nH]1)Nc1ccccc1",15.407323293490178
"a5b863aa9a279910f2bd28875b84bb02","O=C(NCCN1CCOCC1)c1csc(CN2CCC(Cc3ccccc3)CC2)n1",36.359345832253425
"2e2e034210a457e90beca3f824868850","CN(Cc1cccs1)C(=O)c1cccc(S(=O)(=O)N2CCCCCC2)c1",13.110615244088647
"c954fd656b4e5dd25097022395e55c9c","COCCOCC(=O)N1CCC[C@H](c2cccc(C)c2)C1",17.986664899120296
"0bf6fec8f748df1b20a5f28edeec0ecb","C[C@@H](CC1CCCC1)C(=O)N1CCC2(CCO2)CC1",16.534018496017516
"9e079939905738871526bb93c10443ef","CC(C)O[C@H]1CN(C2CCCCCC2)C[C@@H]1O",21.16909640003645
"5977ef23390e6808876f3a2763bc52b9","CC(C)COC(=O)NC[C@H]1CCN(C(=O)c2ccoc2)C[C@@H]1O",24.93156224391715
"365e5a910c64ebc10465e13dbce72fa0","Cc1onc(-c2c(F)cccc2Cl)c1C(=O)NCc1ccccc1",14.518026964153185
"fe0c241c182d12b532801412ac72c04c","CC(C)C1=C2CC[C@]3(C)[C@H](CC[C@@H]4[C@@]5(C)CCCC(C)(C)[C@@H]5[C@@H](O)C[C@]43C)[C@@]2(C)CC1",30.117665746201286
"3b500056d05a621202ba9234a0c31135","N#Cc1cn(-c2ccccc2)nc1C(=O)c1ccccc1",14.506620780466552
"f37fbba8b68db0356c1ab3faa237e519","CCOc1nccn2c(CNC(=O)c3ccc4c(c3)OCO4)nnc12",9.149022940762556
"8c23de445c4b90e33b41728b270d746b","Cc1ncccc1C(=O)NC[C@@]12CCCC=C1N(CC1CC1)C(=O)CC2",16.171460592930153
"2fee6ce54fe1b294ce3ec0f6ff00dec5","Cc1nc(-c2c[nH]c(=O)c(Cl)c2)n(-c2ccc(S(N)(=O)=O)cc2)n1",16.766158234566106
"61ec43adf99d7c7a9dffd990bb244d85","Cc1ccc(CN2CCN(c3ccccc3)CC2)o1",21.250797481820577
"1221e3380bb9dfa135c896432f28064d","O=S(=O)(Cc1ccccc1)NC[C@H]1CCCN1c1ccccc1",17.471536425856055
"84f75d81936b7e265c1ce9e596eea367","O=C(NCCCN1CCCCC1)c1ccc2c(c1)NC(=O)C(N1CCCCC1)S2",15.889825480302164
"432a29e402e1f7e2b265e0d30c9a8095","CC1(OCC#CCN2CCOCC2)COC(C)(OCC#CCN2CCOCC2)OC1",19.02630616242741
"eacba4c9d75b6134fbe793d303f38aeb","CCc1nccn1CCN(C)Cc1noc(C(C)C)n1",10.907194371763758
"651240e64c482ea054daa4cafa2d68d9","O=C(OCC(=O)c1ccc[nH]1)c1ccc(S(=O)(=O)N2CCCCCC2)cc1",10.079647404071451
"f208c0644ee7df425229c7d72d341169","CCn1c(SCc2cccnc2)nnc1-c1c[nH]c2ccccc12",24.91210217772416
"67eda9c584505c59d2fef9709bb3e362","CC(C)Oc1ccc(C(=O)N2CCC(c3nnc(C(F)(F)F)o3)CC2)cc1",21.21219868448012
"aacd50f842de3f243791a65c942ae14d","N#Cc1ccc(Cn2cncc2CN[C@H]2CCN(Cc3cccc(Cl)c3)C2=O)cc1",40.77796755299778
"58f6640619780d883305d083268633c7","O=C(CSc1ccccc1C(=O)O)c1ccc(Cl)cc1",-9.73805036775116
"ab5c3db22dbdb5327c2cd6ae9ec5c64f","Brc1ccc(OCc2ccccc2)c(CNCC2CCCO2)c1",32.6664064365975
"fbf931e6a64650d3b8d575441a2dcc49","Cc1ccc2c(c1)c1nnc(SCC(=O)Nc3cccc(Cl)c3C)nc1n2CC(=O)O",-5.40308490501987
"6452d3d9e238e9860fe89e704d0eb2c8","O=C(O)/C=C/C(=O)N1CCN(S(=O)(=O)c2cc(C(F)(F)F)ccc2Cl)CC1",11.497184300480589
"f9d88f7f1e524140b7166265e966c368","O=c1n(CCOc2ccccc2)nc2c(S(=O)(=O)N3CCCC3)cccn12",8.966732471650806
"1bedb148fd4f9553a0cf790f26ebef6d","CC1=NN(c2nc(C)cc(C)n2)C(=O)C1CCC(C)C",7.66919756084578
"13d49d5660af4437ef1eb75b7c25638d","CCCOc1ccc(N2C(=O)CC(NCCNc3ccc(S(=O)(=O)CC)cc3)C2=O)cc1",25.18043213053824
"52958758715c470f13958386c5bf5412","Cn1cnnc1Sc1cc(N2CCNCC2)ccc1[N+](=O)[O-]",23.21908976083402
"dbdc148ab47221efb4e936f55cc1a527","c1ccc(-c2ccc(CNC3CC3)cc2)cc1",30.053745089332903
"d43418ce78b54fd07418f7d3c87f1707","Cc1ccccc1Nc1ncc(C#N)c(N)n1",40.87136760127317
"cbd9a55b9e0be4a774d83b9d5f62bbd0","C=CCNC(=O)CNC(=O)COc1ccccc1",3.826771332711675
"135c0085076abc68be05d15f7a70ca42","Nc1ncccc1CN1CCC[C@H](Cn2cc(C3(O)CCCC3)nn2)C1",30.473348932175
"448246679392b0cfc076c93aa6ef8858","CCOC(=O)c1c(-c2cccs2)csc1N",25.058652217952645
"b979b86e8d17e71e01ba1a90554b9c69","COc1ccnc2c1c(=O)n(Cc1ccc(Cl)cc1Cl)c(=O)n2C",9.594514242144328
"056d70fadf16c0c5272e694d1dc3c17c","CS(=O)(=O)N(CC(=O)N1CCCCCC1)c1cccc(F)c1",8.681773453756612
"66d21da5fdb4eae6c684938b1f5f17df","COC1C2CC3CN(C(=O)Nc4ccnnc4C)C1C3C2",19.674923199715135
"e310c9fb4369485a21d9715806e059c4","CCCNC(=O)c1ccc(Cl)cc1Cl",10.66923582921223
"03a639586f997cab51d439adade77f33","CCOc1ccccc1[C@H]1N(c2ccc(OC)cc2)C(=O)[C@@H]2CCCN21",18.76882466968284
"dbf91d83ece113091f3847d8766d9f8c","COc1cccc(-n2cc(-c3ccc(Cl)cc3)nc2NC(=O)CN(C(C)C)S(=O)(=O)c2ccc(Cl)cc2)c1",26.662645201835183
"49abfe1901bc9beaede402b02fd8f498","CC(C)OCCS(=O)(=O)NCc1nccs1",4.932788578924298
"9c06e3a6769b711ef6a64977fd1bb792","Cc1c(NC(=O)C(C)OC(=O)c2cc3c4ccccc4n(C)c3s2)c(=O)n(-c2ccccc2)n1C",6.499429916187916
"e94b310a03b872b0edd3d7972ff60915","Cc1c(Cl)cnc(NC(=O)COC(=O)c2ccc([N+](=O)[O-])s2)c1Cl",2.086541151719649
"422f80ae3a0ddbcb5cc502754347a38e","Cc1cc(CNC2C[C@H]3CN(Cc4ccccc4)CCN3C2)ccn1",36.81279629573108
"d25893c4ff3408c82f90d3c0ccd84822","O=C1NC2(CCN(S(=O)(=O)c3ccc(F)c(F)c3)CC2)Nc2ccccc21",9.569318503867065
"0745ea0cd3842e917b40f2d7e2898bc5","CC1Sc2ccc(C(=O)NCc3cccc(C(F)(F)F)c3)cc2NC1=O",20.037004782799304
"fa2a1e7360652a87b4d0daa0a4eae616","C[C@@H](CC(N)=O)N(C)S(=O)(=O)c1cc(Cl)c(Cl)s1",9.940807724581848
"4a935c46d028e39386833df0ee210efc","Cc1ccc(-c2nc(-c3ccc4c(c3)ncn4CCC(=O)N3CCCC3)no2)cc1F",37.080771065545065
"746b483b8f72ed2b43ca9613ae3a312a","C/C(=N\NC(=O)C1COc2ccccc2O1)c1cc2ccccc2o1",8.716783493730691
"e00e7ada55a64a19e3ca1665079a6cf8","Cc1ccc(C(=O)CN2C(=O)C(C)Oc3ccccc32)cc1",12.865411884460556
"e8b9e6d2b8756de047c916b6ab8b961d","Cn1nc2cc(Br)ccc2c1C(=O)N1CC(n2ccnn2)C1",28.97157476126961
"3e1f7fa2424fde732ee7880468608116","O[C@H]1CN(Cc2ncc[nH]2)C[C@@H]1Cc1ccccc1",21.130546481174875
"dacae97150d750402bf5c982ef748d33","COc1ccc(/C=C\C(=O)NCC(=O)N/N=C/c2ccc(O)cc2O)cc1",6.178050333873393
"19204e038bc5986dcfc1cdfb8e3fcdb2","COc1ccc(CCCN2CCS(=O)(=O)C(C)(C)C2)cc1F",31.780938420016703
"5bbec97ca5e040dbf96936ab41339b86","COC(=O)C1=C(C)NC(=O)NC1c1ccc2c(c1)OCO2",-11.513310072118491
"cb91289d78424a1ca9b7176f4df32d71","CCc1cccc(NC(=O)Cc2nc(-c3cccnc3)n[nH]2)c1",9.650394135593926
"de4aef98c14d50e2afee3a71710c53ae","Cc1noc(C)c1S(=O)(=O)N1CCCC[C@H](NC(=O)c2cnc(O)cn2)C1",20.874447831195603
"4b049ef9c0191ea8c931f94b842c3ea4","Clc1ccccc1CN1CC1Cn1cc(-c2ccccc2)nn1",18.40206172551225
"c61bd5e0b5f7a37f94bf459ec97432ad","CC1(C)CN(C(=O)CCc2ccccn2)C[C@]1(C)O",13.459929983019032
"29e3a02a6b20c779ea999ca0c37a7c91","Cn1c2ccccc2c2cc(S(=O)(=O)N3CCc4ccccc43)ccc21",15.882306018274184
"00c1d5262929c9e77943ed50bbcfd3d2","Cn1ccc(NC(=O)Nc2ccc(Cl)cc2Cl)n1",11.926842232352929
"f962a1fd16f47d45ec75758a3c7ee144","O=C(CCCCCNc1nc(S)nc2ccccc12)NCCC1=CCCCC1",32.6238878048205
"e898f1496b6d109dccea8c2c78976a7d","CCn1nc(CO)c2c1CCN(C(=O)c1ccc3nccn3c1)C2",17.807726612243194
"fa3d8e64a02832506cfa8a47dc082473","CC1(C)CC(=O)C=C(NCCN2CCN(C(=O)Nc3ccc(Cl)c(Cl)c3)CC2)C1",24.940241878135875
"c407547f03c80bb227ceab0728172229","Cn1cc(Nc2nccs2)c(C2CC2)n1",22.878249470175728
"795fdb032cdccd3597dae965edf1e370","COc1ccc(CCNC(=O)CSc2ccc(-c3cccs3)nn2)cc1",13.902463893194652
"f398f9f003fd3b4ec5cbf17eea5ec4a6","CCCCC(=O)NC(=S)Nc1nnn(CCC)n1",-3.602540621396675
"5abda03db4ada2582de5e52782df5b4f","CCOCC(=O)Nc1cccc(Br)c1",6.137604900779585
"f58c0033f751a86c17bbbdc3970564b8","Cc1nnc(-c2c(C)[nH]c(C)c2S(=O)(=O)Nc2ccc(Cl)cc2Cl)o1",6.156957674846799
"04801db7b7023cf86b6f0939bb8df54c","CN(Cc1ccc(-c2cc(C(C)(C)C)nc(N)c2C#N)o1)S(C)(=O)=O",21.80220838970204
"45dcf1c81a9b06cfe9a8611df105bd89","COc1ccc(Nc2ccc([N+](=O)[O-])cn2)cc1",28.1413938775197
"cd11bc60015c7f75d48e1b1bfe1f49be","COC(=O)C(C)SC1=N/C(=C/c2ccc(-n3cncn3)cc2)C(=O)N1",8.404645575954815
"89987078b6ba8648a103b57c1e792355","Cc1ccccc1NC(=O)N1CCNC(=O)C1CC(=O)Nc1cc(Cl)ccc1Cl",12.668417596042758
"a9bc253c4fe1cb4b6339d6b3fee202ae","CCOc1ccc(-n2nc(CO)c(C(=O)NCc3ccccn3)n2)cc1",0.6687505203215639
"92a4788ed878642f81833f2e486298ca","Cc1nnc(CC(=O)NCC2(c3ccccc3Cl)CCC2)s1",10.312341556998442
"cc4b4886e648db447f5171103c41fe39","CSc1cccc(CN2CCCC(CNC(=O)c3ccc(F)cc3)C2)c1",31.520578481694393
"f65cb6bedb8003c9109a5e6800a88511","CC(C)(C)SCCNC(=O)CSCc1ccc([N+](=O)[O-])cc1",4.690740391136472
"1ca8941ed99a859587fa15fc4ae699d7","OCCN(CCCn1c(-c2ccncc2)nc2ccccc21)c1nc(CN2CCCCC2)cs1",47.771686145689834
"473e6a8117a18e85909b4fd3168ebe41","COc1ccc(/C=C(/NC(=O)c2ccccc2Cl)C(=O)O)cc1",-2.258930492302531
"0eeea96a286edc19def4f6eb95a1de57","COCC[C@H]1CN(S(=O)(=O)CC2CCCC2)CCO1",13.428642300413294
"17275ad41b514df9e30dd710ad9f9484","O=S(=O)(CCCOc1ccccc1)N1CC(n2ccnn2)C1",12.553597561961434
"6e81e8ef9ba7be90a2985c2193129070","COCCn1cnc2cc(NC(=O)C3CCCCC3)cc(C(=O)N(C[C@H]3CCC(=O)N3)C(C)C)c21",23.244370957293945
"48797a36ebee22cc5345d64cc9f15dee","Cc1[nH]ccc1C(=O)N1CCO[C@@H](CF)C1",14.732820507143876
"7e234f348a4cc913dfb44d39033f1603","CC(C)[C@H](NC(=O)C1CCN(S(=O)(=O)c2ccccc2)CC1)C(=O)NCc1ccc(F)cc1",29.11029323252546
"0baedf8f9e6637f5cd9db3d982c2f6a8","O=C(CCC1CCCC1)NCCn1ccnc1",15.657444441398631
"18c40b6292637f3e588b59cfa967c324","COc1cc(CCc2ccccc2)oc(=O)c1",5.391962314898753
"31e78d5f7d90ddd61b16eea80eb94ba6","CC(C)(C)c1ccc(OCCC(=O)Nc2cccc(S(=O)(=O)N3CCCCC3)c2)cc1",18.191141898498824
"694da5a8919b7d3f8be14ee545062147","COc1ccc(/C=N/N2CCN(Cc3ccccc3)CC2)cc1",13.245664293594835
"38d4901fbad3fb0924d7c81891fb5f9b","Cc1cccc(N(Cc2cc3ccccc3nc2O)C(=O)c2cccs2)c1",18.436220066328016
"386d6d61da790dacc93d7a4cebc91e70","CCCCn1c(=O)[nH]c2c(C(=O)N3CCC(C)CC3)snc2c1=O",-4.598382977855551
"902d5a69289dc5434d00a3de9c44629e","O=C(CSCc1ccccc1)c1c[nH]c2ccccc12",28.067164276546833
"7e7202c35e7df1b754f9362856fedb40","CCOc1cc([C@H]2C(C(N)=O)=C(C)Nc3nc(C)nn32)ccc1OCc1ccccc1",6.63449737616302
"85dfd54e04b64113bbce57a7245749c8","Nc1nc(CC(=O)CSc2ccc(Cl)cc2)nc(Nc2ccc(F)cc2)n1",26.291317038774498
"c21653cebccfcd347098e3b29199a410","Cc1cc(-c2ncccc2NC(=O)NC2CCC(S(C)(=O)=O)CC2)cs1",27.714107782946577
"487f25b577fc6ec32b0b98891be85c6c","CCOc1ccccc1-n1c(SCC(=O)N2CCCc3ccccc32)nnc1-c1cccnc1",8.748706734401352
"53b679de5b14da01e1c4f7f9d930f69c","C[C@H](NC(=O)C1CCCC1)C(=O)NC1(C)CCCC1",20.586103060013713
"1a569765da91d3dea3ea61fa40b259d8","FC(F)(F)c1ccccc1CNc1ccc2c(c1)OCO2",22.16667420955498
"57d16d289e60b9796d4c5560a7f0a666","CC(C)(C)c1cc(CCC(=O)N2CCC2)cc(C(C)(C)C)c1O",17.71031111354413
"a057c2c2486654788ed7c11c35aad71c","Clc1ccc(-c2csc(N3CCOCC3)n2)cc1",30.410167980270725
"1649c597dbb3f4243e39866afc0a8edc","Cc1cccc(NS(=O)(=O)c2cccc(C(=O)NCc3ccccc3CN3CCOCC3)c2)c1",24.274229554712676
"89e8666a6f16f52770bdf1a708cbb8ad","O=C(N[C@H]1CCN(c2ccc(-c3ccccc3F)nn2)C1)c1ccc2c(c1)OCO2",41.52559526051731
"ee1fc7db221dc6c20e9f5444de22cfd8","CCOc1ccccc1CN1CCN(Cc2[nH]c3ccccc3c2C)CC1CCO",33.6675111919643
"4fc6f8e3e9ad801bdac459629040f8a3","O=C(NCCNC(=O)c1ccccc1O)Nc1ccccc1N1CCCC1",31.323332075449738
"c1decd4671565c825f33bb05b76fd05e","CC(C)[C@H]1CN(c2ccncc2F)C[C@@H]1NC(=O)CCS(C)(=O)=O",26.093414738945324
"49ebddfaf3b818c1023ff09caa4f611b","CO[C@@H](C)c1nc(-c2cccc3c2ccn3C)nn1CC(C)(C)O",31.875220588410144
"755899e1725fccecff4dfa5906bcbad4","Cn1c2ccccc2c2cnn(CC(=O)Nc3ccc(F)cc3F)c(=O)c21",-2.952725543325458
"62fd197c756ab0d78b8f8f8a59f4355f","C[C@@H](Cn1ccnc1-c1ccnc2ccccc12)Oc1cccnc1",36.22794022617715
"1343e14da18c6e3bbb5aa7d108f2170e","COc1cc(/C=N/n2cnn(Cc3ccccc3Cl)c2=S)cc(OC)c1OC",-3.8694813783954007
"948f23d830fcb809ed587b0fdd22d94f","COc1ccc(N(C(=O)C(C)C)S(=O)(=O)c2cccc([N+](=O)[O-])c2)cc1",6.063353013026569
"629bd5ea338d7e75b75546b116c5769b","Cc1ccc([C@@H]2CC=C(C(=O)O)CN2S(=O)(=O)c2ccc(C)cc2)cc1",8.463078028401297
"86fd70dffb15546a962b89b4f3ba10f9","COC[C@H]1CCN1C(=O)Nc1csc(C)c1",20.364860368842432
"63ae92932fc36e0ee654f289bfea63da","Cc1nc(CNC(=O)N(C)CC2(c3ccccc3)CC2)no1",19.875521235989694
"07900b96f3e272375af6513fe0efad46","O=C(Cc1cccs1)NC(c1ccccc1)c1ccccc1",6.811945058324494
"7917c7e67f5465ca506ebb91b22f3590","CCOC(=O)c1ccc(-c2ccc(C3Nc4ccccc4C(=O)N3O)o2)cc1",23.01352699918053
"bd7c10e6df4e0b7b2cd3e6058f88755e","CC1O[C@@H]2O[C@](O[C@H](C)CC[C@@H](C)O)(c3ccccc3)O[C@@H]2C[C@H]1O",20.20716090185312
"31e484ed2fd47eed00748c7e61be6762","CCOC(=O)c1cc(-c2cccc(NC(=O)c3ccc4ccccc4n3)c2)n(-c2ccccc2C)n1",38.69742176431139
"70d541fcd823221d11f782c01055dca6","Cc1ncsc1CCC(=O)Nc1ccccc1N1C(=O)N[C@@H](C)C1=O",14.518769782194015
"e6cd27aee2a910b7f8d536ed213a0101","Cc1oc(=O)c(Cc2c(O)c(C)c(C)oc2=O)c(O)c1C",10.017726468746934
"e68edb48cbeaad55b964b8806270bd65","CC(OC(=O)CNC(=O)c1sc2ccccc2c1Cl)C(=O)NC1(C#N)CCCCC1",17.993108148246602
"ba55779a2babe1e44bd1fa7087ff48b1","O=C(NCCc1c[nH]cn1)[C@H]1CC(=O)N(c2[nH]nc3ccccc23)C1",32.512349647491035
"1dc5a71fd766cf3d3d16581e4b84aad3","CCCc1cc(C(=O)NCCN2CC[C@H](c3ccccc3C)C2)[nH]n1",38.3787160914978
"fbca09cb6c553028b47462f68bb32af2","CC(C)(C)OC(=O)N/N=C/c1cccc([N+](=O)[O-])c1",3.5093847548807253
"3ecdd93571fd747a82b09c33c3af5aa3","CC(C)c1ccnc(N[C@H](C(=O)N(C)C)C(C)C)n1",34.714291164771865
"9e79ae3b6dcbd4d2dba0cdebc69a3157","Cc1ccc(S(=O)(=O)N2c3ccccc3-c3c(ssc3=S)C2(C)C)cc1",17.386355580056197
"ae38446ed1932dcfc227c4bac0844fc4","Cc1cccc(C(=O)N(C)C[C@@H](C)O)n1",11.95719779078675
"9271fe7fbdb4fabc44d85de4256c007b","CO[C@@H](Cn1cnnc1Nc1cccnc1)C1CCCC1",26.71645751563255
"160d5c3a807e19c90609f7a54f6edfc0","CC(C)[C@H](NC(=O)[C@@H]1Cc2ccccc2CN1)C(=O)Nc1ccc2c(c1)OCCO2",31.804280028806676
"01b3e7062de62a4f3b2302d74566651c","CCc1ccc(Oc2c(C(F)(F)F)oc3c(CN4CCOCC4)c(O)ccc3c2=O)cc1",48.93855791740178
"38c03c29e6d5cb0b48053f4ae8355090","COCc1n[nH]c(NC(=O)CN2C(=O)c3ccccc3N3C(=O)c4ccccc4[C@H]23)n1",13.582266519008444
"53be4a962de4562c5770d47a57951464","COc1ccc(Cc2nnc(SC(C)C(=O)Nc3ccc(F)cc3Cl)o2)cc1",5.6237942490243285
"8b9d3ad809415500ea7f914af29ce175","O=C1N[C@H]2C[C@@H](C(=O)NC[C@H]3O[C@H](CCOc4ccccc41)CC[C@@H]3O)N(C1CCCC1)C2",28.379000884242274
"53d364118cc40ce25dd1c917818d7970","COc1ccc(-c2[nH]ncc2C(=O)NC[C@@H]2CCCN3CCCC[C@H]23)cc1Cl",51.01477679546506
"1c90cdd0d8200dc3889d143b0ac91396","CCCNC(=O)N1CCC2(CC1)N[C@@H](Cc1ccccc1)C(=O)N2Cc1ccccc1",25.720932883136832
"44f41ffae69b53c0f1f9545c10f0da9c","Cc1ccc(OCCC(=O)Nc2ccc(C)c(S(=O)(=O)N3CCOCC3)c2)cc1",14.936670616629288
"36b939302049172629832f3631180902","COc1cccc(CN2CCC[C@@]3(CCN(C(=O)c4ccsc4)C3)C2)c1",28.57641837417222
"95a54f4a6d9bde8bd12cbe96faee36ea","O=C(c1ccc(-c2ccccc2)c(F)c1)C1CCCN(CCO)C1",41.69807882154343
"2f53181c512e20412840357f866d7dee","CCC1=NCC(=O)Nc2cc3c(cc21)OCCO3",5.631995620805045
"8cd500adf89df41e7e06f74c646eface","Cc1ccc(N2C(=O)/C(=C/NCc3ccccn3)c3ccccc3C2=O)cc1C",11.157469963821688
"701798100ed28bf10847fee35c3c1b8f","COc1cccc(Oc2ccc(NC(=O)[C@H]3CCCN(C4CCOCC4)C3)cn2)c1",52.605249541175354
"c3aa3d053c9eb19f1583698c948426b1","O=C(O)c1cnc(-c2ccccc2)nc1Sc1ccc(Cl)cc1",12.15631203637992
"402c3e6a87a9568ed98ce3ceaa117881","COCCN1CC2(CCC1=O)CCN(c1nc(C)cc(C)n1)CC2",23.508996913793624
"794f36858ea11d919dbe764bc5d93fb1","O=C(NCCNc1ccc([N+](=O)[O-])cc1)c1ccccc1F",20.82532182926729
"19cbd69795e9d4b7fd18edcca5e9e426","CC(C)/N=C(N)/N=C(/N)NOCCCOc1ccc(OC(F)(F)F)cc1",23.22420576472551
"fc63938cd6a289b6f90321c2dd1c4ea4","CCCCn1c(N)c(N(CCC(C)C)C(=O)c2c(C)noc2C)c(=O)[nH]c1=O",1.975222323031928
"5fff12f1655638f9fa3f40f922a62e21","COc1ccc(C(=O)C2CCCN(C(=O)c3cc4nc(C)cc(C)n4n3)C2)cc1F",22.54911346605966
"f8f32681ab0166f5aa2f8e3f18303462","CCOc1ccc(/C=N/Nc2nc(C)cs2)c(O)c1",12.729660748238787
"1a86735788c79b57d73f2898850a89ed","CCN(CC(=O)NC1CCS(=O)(=O)C1)c1ccc([N+](=O)[O-])cc1C#N",10.524021605139756
"57183174ac42d9136b27e5e8a3c0dc69","Cc1ccc(CNC(=O)COC(=O)c2nc(-c3ccccc3)oc2C)cc1",9.719564080465616
"12d3fbfc8a99c5eb3d24d077ee61c0b9","COc1cc(-c2c(-c3cc(OC)c(OC)c(OC)c3)noc2C)ccc1F",23.807502751815974
"8d9f9117d4ef296ee80379635015a81b","CCCn1nc(C)cc1CN(C)C(=O)[C@@H]1CC2(CN(Cc3ccccc3)C2)CN1C",20.421647216075783
"99008138644f9fae857ac2512d1ba49b","CCn1c(=S)[nH]c2cc(C(=O)OC)ccc2c1=O",1.7598427083123338
"0ed229df916dbb3da29e2209eb4c6d8d","COC(=O)c1ccc(C)c(Nc2ncnc(NC3CCCC3)c2C#N)c1",51.75049468085662
"273b95603bd22e614e8f6fe73b38575f","Cc1cccc(C(=O)NCC(=O)NCC2COc3ccccc3O2)c1",8.437199002942187
"bcdf6ffe3e21c08077c7da578dada5a6","C[C@@H](C(=O)Nc1ccc2c(c1)OCCO2)N1CCN(Cc2ccc(OC(F)(F)F)cc2)CC1",35.24929165666207
"9253b409630ff6218dc7f40747e23550","Clc1ccc(Nc2ncnc3ccccc23)c(Cl)c1",42.92489155276672
"1a699f64efaa0d55ec1d934ce5f613b5","Cc1cccc(NC(=O)CSc2[nH]cnc3ncnc2-3)c1",15.384873828353223
"d9b231a998a246cdfa26c640a16cf01e","O=C(Cc1cnc2ncnn2c1)N[C@H]1CCCN(C2CCCCCC2)C1",30.144912021007
"05cb62e057a7ea1c9f4ae6ae1c832231","O=C(CCc1ccccc1)NCC(c1ccco1)N1CCc2ccccc21",7.328399027638933
"5993fd99c8b5d5460e96d743106faf42","COc1ccc(-c2cc(C(=O)N3CCN(c4ccccc4Cl)CC3)c(C)n2-c2ccc(F)cc2F)cc1",24.533704956640054
"d65587bd3c36dc43be7300a1d5870c19","COc1cccc(/C=N/NC(=O)C(=O)N2CCCCCC2)c1OC",4.883976285050668
"e55cdc503a8923b8bf93d12eb1496bd7","CC(C)(C)S[C@H]1OC(=O)C[C@@H]1NC(=O)CN1C(=O)[C@@H](COC(=O)Nc2ccc(Cl)cc2C(F)(F)F)N=C(c2ccccc2)c2ccccc21",27.30517044867782
"ac331c9d46aecf5f4760fc5eef09bd9e","N#Cc1ccc2nc(N[C@H]3CCN(C(=O)C4CCCC4)C3)ccc2c1",59.99015089213649
"983b75bec481db47dcc4518480139aa2","CC(C)c1ncc(C(O)c2ccccc2)n1C",12.31559982427768
"815dc5799c5d6c643917db09ae276142","O=S1(=O)NC(c2ccccc2)CCO1",5.855203354731553
"46739336dbe6fa809d1c9285e2831d4b","C=C1[C@]2(O)CC[C@@]3(C)[C@H](c4ccoc4)CC(=O)C[C@]13O[C@H]1[C@@H](OC(=O)[C@@H](C)CC)[C@H](O)C(C)(C)[C@H](CC(=O)OC)[C@]12C",32.64267218577349
"a1a4c6abcfdbc63bc15a02a77a9c051a","O=C(NCc1ccncc1)C(=O)N/N=C/c1cccnc1",-0.8908067104183628
"1e3f459442a443fdf2440f79a416b293","CN(C)c1ccc(C2NC(=O)NC(O)(C(F)(F)F)C2C(=O)c2ccccc2)cc1",-0.6983581813177346
"1ae631ea7aca03f31447aabd502666c4","CCc1ccccc1NC(=O)Cn1nc2ccc(C(=O)NCc3ccccc3)cn2c1=O",6.841658737809741
"03c8d79a3898548a1a3d5fa061c0378f","O=C(Nc1cccc(CO)c1)C1=CCCCO1",12.199912890291058
"2a4fc352de6da7c8b3366d65f74278b0","N[C@H]1CCOc2ccc(Br)cc2C1=O",16.873466972097386
"8e13bbba4ed03f07b79d71c97f33d6fa","COc1ccccc1C(CNC(=O)c1ccc(S(=O)(=O)NCc2ccco2)cc1)N(C)C",17.472566597260254
"8cfc1ca569a4536124812c62f9473faf","CCN1CC=C2C(C1)C(c1ccc(Cl)s1)C(C#N)=C(N)C2(C#N)C#N",13.84104526020816
"28070a162758717a4c9518483774d73f","CC(C)(C)OC(=O)/C=C/NC(=O)[C@H](O)C(C)(C)CO",15.883962277214875
"fa34c332857f684b5caf269aac9cc860","OC1C2CCCC1CN(Cc1ccncc1)C2",23.626390598876476
"c54a01699446e2c2704cd16bad799468","CCOC(=O)N1CCN(CC(=O)N2c3ccccc3CCc3ccccc32)CC1",19.80103241968684
"031980da4be622dac9d96d042c33201c","CCOC(=O)CNC(=O)N1CCC2(CC1)NC(=O)c1ccc(Cl)cc1N2",3.51963934386127
"b1273288477017118ecb311f71e10751","O=C(CSc1nnc(-c2cccnc2)n1CCc1ccccc1)N1CCCCC1",5.2481256224335535
"b9f0efa2551f4d6e67b760dccdc5a1d3","Nc1ccc2nc3c(O)nc(S)nc3nc2c1",18.339125391685084
"0af5b39e7aa1439ad6f02cc8edd83d79","O=C(NCc1cnc2c(c1)CCC2)c1cnnn1-c1ccccc1",5.862336586605472
"bb0ee796456d955ee42f5ac830d17968","Cc1ccccc1CS(=O)(=O)N(C)C1CC(O)C1",9.98233995273749
"7cb454c2b123a3877923091105e023ce","CCCN1CCN(C(=O)c2cc(Cl)cc(OC)c2)[C@H]2CS(=O)(=O)C[C@H]21",17.979404324357784
"0f544e8efef936d84ae996bb2e470a49","COc1cc(C(=O)NCCc2ccccc2)c(N(C)S(C)(=O)=O)cc1OC",11.788590684579464
"d2e239cb74e7e12e5af49b4cdd09ef70","CCCn1cnc2ccc(-c3noc(-c4cccc(OC)c4)n3)cc21",35.31862985034065
"538601870890ff1f998ed1bfd554b6b1","Cc1ccc(C(=O)O/N=C(\N)c2ccccn2)cc1",8.486654565251646
"512a4f9885541b2377767914517fb718","Sc1nnc(-c2cccc(Cl)c2)n1Cc1ccccc1",10.57578406193362
"2187572fb3e7c2e649cc01deb4ae98f8","Cc1ccc(C(=O)NNC(=O)c2csc(N3CCOCC3)n2)o1",13.518249823833376
"512abffba6a75e416143e85ae5206324","Cc1onc(-c2c(Cl)cccc2Cl)c1COC(=O)c1ccc([N+](=O)[O-])cc1",14.503161020746774
"3c346a36ebaba98b24ab91a489176ce2","C=CCN(Cc1ccc(OC)nc1)Cc1ccco1",22.61485527479963
"8d108e4a0521b4298a6e735f91d4137b","COc1ccc(-c2cnn(C[C@H]3CCOC3)c2)c(CO)c1",36.51285795342755
"92c8332f21da7b365b7e53e3dee4c505","CCOc1cc(C(=O)N(C)[C@@H]2CCC[C@H]2O)n[nH]1",19.448243986263986
"b9f786e12f8ee66f5b4309d26ce0b47c","Cc1cc(NC(=O)c2ccccc2)c2cc(NC(=O)Nc3cccc(F)c3)ccc2n1",32.983213864147736
"663c28dc090287b41bc598fbce494e9e","Cc1ccoc1C(=O)NS(=O)(=O)c1ccc(NS(C)(=O)=O)c(F)c1",9.415115006661647
"670330311e3d2fccc9ba7f15c1844bf0","Cc1cn2c(n1)CN(Cc1cscc1Cl)CC2",14.08998135627692
"e2dcd09affdf839f9f62a3bf71642eb2","COc1ccc(OCC(O)CNCc2ccco2)cc1",29.16632912133883
"eea32093cab4634e072e1b90e193fb06","CN1CCS/C1=C/C=C1/SC(=S)N(Cc2ccccc2)C1=O",2.573298516819462
"aa812de00b630b6d5e30193d6d05bc99","Cc1ccc(S(=O)(=O)/N=C(\CN2CCCCC2)N2CCN(S(=O)(=O)c3ccc(C)cc3)C2)cc1",11.618888878631184
"82c1b13afb3d75a65eced676db7314c6","CC1(C(=O)NC[C@H]2CCCCN(C(=O)C3(C)CCC3)C2)CCC1",5.944902274773416
"ddf48e16b92b114a231685c52878a4b4","COc1ccccc1OCCNCC(O)COc1cccc2[nH]c3ccccc3c12",56.636221235117304
"e7f3c5af01082f9e6f726fed36231f77","CCNc1ncc(C(=O)N2CCN(C/C=C/c3ccccc3)CC2)cn1",41.5828118450762
"1db6357d2a4b60190fa4e7f5d102371c","NCc1ccc(COCc2ccccc2)cc1",12.686683399912676
"53d0d2086b4b7afaccf1544b1dcc84a8","Cc1nn(-c2ccc(F)cc2)c2sc(C(=O)OCC(=O)N3CCC(C)CC3)cc12",14.068543296459191
"8df0d6a79f76d2e01905194fb9f2d541","CCn1cc(S(=O)(=O)Nc2cccc3[nH]ncc23)cn1",19.19958229679569
"de49c9ed8ac833401c6f9cedc3e455eb","Cc1nonc1CN(C)Cc1nc(-c2ccoc2)oc1C",18.17885783664309
"419c0fd77740039b44f5e56b847ae1ca","CC(C)c1nc(CCNC(=O)c2ccsc2)no1",10.72731271272568
"1fdf4cb5d226dc4943a1ba170b796a73","O=C1c2ccccc2C(=O)C12OC2c1cccc2ccccc12",10.560519919104816
"3458ff68471c5be3cc505f05518bcb6a","O=C(Nc1ccccc1-c1ccc(O)nn1)[C@H]1CCCN(c2cc3c(nn2)CCC3)C1",27.176320363758855
"429f031115718f033bf5a8a463a47a31","Cc1ccc(CN2CCC(CNC(=O)c3ccc(NC(=O)C4=CSCCO4)cc3)CC2)cc1",28.65384458751384
"556c3671f9910ec2fc8368a55c16dba2","O=c1n(Cc2ccccc2F)nc(C2CCNCC2)n1Cc1ccccc1",25.804360664793364
"efc2957c0a47eb6ce6274b9fce0b4537","COc1ccccc1/C=C/CN1CCC(n2nccc2NC(=O)CCc2ccccc2)CC1",25.39113661034863
"be0fdf300fdd093994bbb20db4fbc746","O=C(NNC(=O)C12CC3CC(CC(Cl)(C3)C1)C2)c1csc(N2CCOCC2)n1",16.44758060435991
"c46219a8e91494a043b3035789598af8","Cc1nnc(CC(=O)N2CCO[C@H](C(C)C)C2)o1",10.152890216938134
"c52e1f1ddc9258b4a427765b86ce4078","CNS(=O)(=O)[C@H]1CCCN(Cc2nn(C)cc2C)C1",18.600815298263367
"75369baecd1990326014b09b1e9d02e9","Cc1ccccc1N1CCN(S(=O)(=O)c2ccccc2)CC1",15.1008903999606
"453b80d1670501db37bf3a61b1abc678","CCOC(=O)C(CN1CCCC1)c1ccccc1",15.77457853886128
"59473c512f647d526ce6a690dc2ee95d","COc1ccc([C@H]2C[C@@H](C(F)(F)F)n3ncc(C(=O)NCCc4ccccc4)c3N2)cc1",24.511523651600065
"d04354d783c93df91632e00c3913d805","Cc1c(-c2nc(-c3ccccc3)c(-c3ccccc3)[nH]2)n(C)n(-c2ccccc2)c1=O",31.253007178979928
"34674aef3bb0f5605e7f75f78d210265","CCC(=O)n1nc(NCc2cccc3ccccc23)nc1NCc1cccc2ccccc12",13.42862591409895
"eb5a541442697ccdda4d8528b86e327c","CC(=O)N1CCC2(CC1)N=C(c1ccc(F)cc1)C[C@@H](c1cc(Cl)ccc1O)N2",29.409208454132365
"7cb321aada06260204716370aed3eb44","COc1ccccc1[C@@H]1CC(c2c(O)n(C)c(=O)n(C)c2=O)=NN1C(C)=O",8.96363754865538
"db1ff1cf8d152b9736f02cb0408373b2","Cc1nc(-c2ccccc2)sc1C(=O)NN",15.6742317022769
"efe3955c8ed941bd633d2e0a5acd3cc2","O=C(Nc1ccc2c(c1)OCO2)C1CCN(C(=O)c2cc(Cl)c3c(c2)OCCCO3)CC1",24.555600437160855
"f962526bbcf46e3d5fde116a2438f967","CCc1ccccc1N=C(S)N(CCN1CCCCCC1)Cc1ccco1",20.588622169985644
"40e70555d9d088ec4692e013c019eb52","CCOc1cc(C2C3=C(CC(C)(C)CC3=O)N(CCCOC)C3=C2C(=O)CC(C)(C)C3)ccc1OC",2.118007250059529
"f569f4793c1dd5e155a5d1c7370dc207","CCOC(=O)C1CCN(S(=O)(=O)c2cccc(-c3cn4cc(Cl)ccc4n3)c2)CC1",30.21967513867789
"c2850fb5d91b7eb43cd593946fbdb248","CC1CN(CC(C)(C)F)CCC1NC(=O)OC(C)(C)C",25.91580055826244
"f907d00ce8a16571ae2d9d0f47995a3b","CC(C)[C@@H](CO)NC(=O)NCC1OCCc2sccc21",10.280234836759355
"95a9c523217d390fc71800d34021c492","Cc1c(/N=C/c2ccc(Cl)cc2)c(=O)n(-c2ccccc2)n1C",-12.231916500655592
"77af24f10f1f2f4b38938afa717fb377","Nc1n[nH]c(SCC(=O)N2CCN(S(=O)(=O)c3ccc(Cl)cc3)CC2)n1",8.017604521096342
"90fba89cb67a21b036f704d226714fbf","O=C1CCCC1C1CCCN1C(=O)c1cnc(-c2ccccc2)nc1",16.908930841847262
"94f6b4beded4c3d64b0427d5da597f2b","Cc1c(NS(=O)(=O)c2cc(C(=O)NCc3ccco3)cc(Cl)c2Cl)c(=O)n(-c2ccccc2)n1C",5.906729180000331
"fcbf3c2e4512d930ad5179204dc4c6c3","CC1(C)O[C@@H]2C[C@H]3[C@@H]4CCC5=CC(=O)C=C[C@]5(C)[C@@]4(F)[C@@H](O)C[C@]3(C)[C@]2(C(=O)CO)O1",40.763417097271585
"e4fdf70ca8da6aa957399068ff6f7959","O=C(Nc1nnc(-c2ccco2)o1)c1cccc(Cl)c1",-0.6440054359869302
"cd41f9fbe00f06bdeb8de46854dbd8f1","Cc1ccc(NC(=O)c2ccc3c(c2)CCCN3S(=O)(=O)c2ccc(Cl)cc2)c(C)c1",13.919033239258605
"513feb339e5d6a0d04a04e63ace0992d","CC1(C)CC(NC2CCN(CC(F)(F)F)C2)C(C)(C)O1",31.15698807594581
"76090b981b1dc44a468d017daca68213","NC(=O)CCC(C(=O)O)N1CSC(=S)N(CCCCCCN2CN(C(CCC(N)=O)C(=O)O)CSC2=S)C1",-7.562343363013393
"83f32e7866512ede758ece1f503b01ba","CCCCN(C)c1ncc(Cl)c(C(=O)NCCNS(=O)(=O)CC)n1",17.23515602386783
"34255277bd712d790e8debd5db02b9c4","COCCCNC1CCCCC1C(C)(C)C",25.51016229660795
"d8c0d084150a90196b951d910a0ef29d","CCCC(=O)c1cc(F)c(N2CCN(S(=O)(=O)c3ccccc3)CC2)cc1C",18.093248449203344
"1f8065e112a74b543da1d3663bf49ab7","COCCNc1nc(N)c([N+](=O)[O-])c(N2CCCCCC2)n1",21.832742495581268
"db7be4b5db64069fa4acf7cedfe133a5","CN(C)c1ccc(C2NCC(CCl)O2)cc1",3.58677512954245
"54c28a57106c67e0d8b84194d520fad0","COc1ccc(-c2nc(C#N)c(N3CCN(C(=O)c4ccco4)CC3)o2)cc1OC",26.670705662018364
"7154f9e47999b99ee80f1c406c5979bf","Cc1nc(CN(C)OCc2ccccc2)cs1",9.653987146656076
"23d9c04f3767b22a511a0d8cd083405a","CCCn1c(=O)c(C(=O)N/N=C/c2ccc(F)cc2)c(O)c2ccccc21",0.2621820672234618
"d4720dd49f9cec85e95749c6b93204af","[O-][n+]1onc2c3cc(-c4ccccc4)[nH]c3ccc21",29.377989967887153
"534c399670f40604e6e7cf7a15d43042","CCCO/N=C1/C(=O)N(c2ccccc2)c2ccccc21",12.427672610932271
"3362d2fb7933e8ff57d3bf36ca5b4c06","COCC[C@]1(NS(=O)(=O)c2ccccc2)CCN(Cc2c(C)noc2C)C1",20.99670466913621
"3388527b7301d998541ff9459517e035","COC(=O)C(C)(C)ONC(=O)Nc1ccc([N+](=O)[O-])cc1",4.8871138100156575
"4534f9e66a8167a4c99ed98486b08d52","C/C1=C\CC[C@](C)(O)/C=C/[C@@H](C(C)C)CCC2=C[C@@H](C1)OC2=O",20.12287405536575
"34a20cf737ea8a7b3d1428e9a5666191","COC[C@H]1CCCN1S(=O)(=O)NCc1nc2ccccc2o1",21.18615902921919
"5a03595da004b011dc161b1327b5a37e","CNC(=O)c1cnc(C=Cc2nccn2Cc2ccccc2)s1",25.378707981540114
"fccc0ecaa0700d4955f4c064213a4078","Cn1c(=O)n(C)c2cc(/C=N/NC(=O)c3ccncc3)ccc21",9.70648010980108
"1e9ca05807906c3a6fff9cae6c2bbc37","Cc1cc(C(=O)CSc2nnc(-c3cccs3)n2Cc2ccccc2)c(C)n1C",1.3150951392348982
"55198721d5e7653f8dd04363dccc31bc","COC(=O)c1ccc(NC(=O)CSc2ccc3nnc(-c4ccc(C)cc4)n3n2)cc1",18.695531880661083
"ac47ed91c708d172deeda18d93ce710c","CC(C)(C)NC(=O)COC(=O)c1ccc(Cl)nc1",9.846122872640368
"44b72e314022618823e11c3586698bdc","CCS(=O)(=O)CCNC(=O)c1nc(C)sc1C",9.027896728345306
"8cc5985193c47208f03716b6239566dc","CCc1nnc(CN(C)C2CCN(c3cccc(-c4ccnc(C)n4)c3)CC2)o1",52.541705445325846
"2a77e547020997e690959bcf4e0c2d33","CC1CCCN(S(=O)(=O)c2ccc(C(=O)Nc3nnc(C4=COCCO4)o3)cc2)C1",-5.5787575890280365
"c139aca4314bcbd407ad15471cf5e33a","COc1ccc(C(=O)NCC(c2cccnc2)N2CCN(c3ccccc3)CC2)cc1OC",31.31661116776487
"e9f8e38a2448f5159b7e13004caf6367","COCCNC(=O)COc1ccc(-n2cccn2)nn1",8.915272777044876
"d5892c9e58f427b94186e02b7dd4e173","CCC(C)Oc1nc(C)cc(C)c1S(=O)(=O)c1ccccc1C",5.164026279564974
"3e008e036381dfa80a35735601380783","Nc1cccc(O)c1-n1c(N)nc2ccccc21",36.743257796955575
"177658e9a41100b5c0d213e1539d8eb6","CCn1ccc(C(=O)N2CCC[C@](C)(c3noc(C4CCOCC4)n3)C2)n1",19.055456898001808
"d0f412d9b643c93a46e8682f00e33d6c","OC[C@H]1CC[C@]2(CC1)CN(Cc1ccccn1)Cc1ccccc1O2",32.19252946066825
"3f76f2d3589a35595fe394866e5c8805","C=C1C[C@@]23CC[C@H]4[C@@](C)(CCC[C@@]4(C)C(=O)O)[C@@H]2CC[C@@H]1C3",7.615214118430217
"5c1f4509e8201d5104253431582e3b4e","CCN(C(=O)CCN1CCCS1(=O)=O)c1cccnc1",10.181180060073698
"76d9746e3ea5b7dd3d08510d254f475b","Cc1ccccc1[C@H](C)N1CCC2(CC1)COCCO2",17.783103184611832
"b40bbb8123d98041a60cd0538ec9835f","CCN(CC)C(=O)[C@@H](NC(=O)c1ccccc1)C1CCN(S(=O)(=O)c2ccc(Cl)cc2)CC1",28.81077178190016
"fa88a80fe71f0fa8a850d74721c6d864","CCC(C)(C)NC(=O)C(c1ccncc1)N(C(=O)c1sc(C)nc1C)c1ccc(F)cc1",9.072215760818294
"38979ea4293954af104e2c16c2588eb9","C=CCn1c(SCc2nc(O)c3ccccc3n2)nnc1-c1cc2cc(Cl)ccc2o1",5.345180009585168
"878422b7875ebba354e2fc16b99f8bfb","COc1ccc([C@@H]2Sc3ccccc3N(CCN(C)C)C(=O)[C@@H]2OC(C)=O)cc1",23.541443815057047
"2ca70d46e1269780441354676a79c739","CN1C(=O)C(O)(CC(=O)/C=C/c2ccco2)c2ccccc21",5.161336998089084
"de468711627e5b7c1b0112080fa77071","Cc1cccc(C(=O)N(C)Cc2cc(C)on2)n1",5.103862533938274
"bcaa9b2bb35e2b3d49b0dc1180f09541","CCOC1CC(C(=O)Nc2cc(C3CCOCC3)[nH]n2)C1",32.70739133233582
"54fcd3f10d24b82981b1bd247594cc22","Cc1ccc(C2=C[C@@H](c3ccc(C)cc3)n3nnnc3N2CC(=O)NC2CCCCC2)cc1",3.856983527900689
"bffc13578e4c311cd3aab6af840c6bc0","Cc1cc(Nc2ncnc3c2cnn3C)cnc1N1CCCC[C@@H]1C",60.39956889273911
"0d94424a3002225e97a03e20e3d524e0","COc1ccc(-c2nc(Cn3ccnc3)c(C)o2)c2ccccc12",23.63971621276217
"fc08f06ddfd886dc2ac3dd9db839ed4a","Cc1ccc(CNS(=O)(=O)CC#N)c(OC2CCCCC2)c1",14.7793060176727
"6619bb224062e382f749637775dfaf1b","CN1CCN(c2cccc(NC(=O)N3C[C@H]4CC[C@@H](C3)N(C)C4=O)c2)C1=O",19.79871191793872
"6a837e60c25e4b2d3265b9f7cef722ef","COCCNC(=O)CSc1ccc(C)cc1",4.2942056770267945
"0d3dea17f9018538c340463492e5780f","Cn1c(SCC2CCCO2)nnc1-c1ccc([N+](=O)[O-])cc1",-3.6113628655861225
"30c4e0014fa3c5bae0f9306a497460cc","Cc1nn(C)cc1S(=O)(=O)Nc1cccc(Cl)c1",6.237715511886019
"f381cb0233aa64eb772bf7b10259c3eb","COC(=O)[C@H]1Cc2c([nH]c3ccccc23)[C@@H](c2ccc(C(C)C)cc2)N1CCNc1ccnc2cc(Cl)ccc12",91.34495308438156
"4bba0deb669ea85612e22e65b7182836","COc1ccc(/C=N/NC(=O)C[n+]2ccccc2)c(OC)c1",17.39995831408123
"995cbe32b47991553aabf1fe6eaaa6e4","CCc1cc(=O)oc2cc(C)cc(OCC(=O)NCc3cccnc3)c12",18.602378938361895
"64674fabbbda8e10293409bc7802ccd9","CCC1(c2ccccc2)NC(=O)N(CC(=O)Nc2ccc(Cl)c(S(=O)(=O)N3CCCCC3)c2)C1=O",24.76137973881236
"cb28a5f238745631ee8a43ca6f389203","CN1CCCC[C@H]1c1ncnn1Cc1c(F)cccc1Cl",19.054724003761912
"ff980f865a8d04ec84609c520667042d","Cc1ccc(C)c(N(C(=O)c2snc(C(N)=O)c2N)C(C(=O)NCC2CCCO2)c2cccs2)c1",7.516174196155996
"dbd16e643a9266fa608a90d8f04084b1","O=C(Nc1cccc(C(F)(F)F)c1)Oc1ccccc1N1CCOCC1",25.13389334611603
"054d6f3ae205fd260cea0ed1c0404357","Cc1cc(C)c(S(=O)(=O)NCc2cn3ccccc3n2)c(C)c1",4.560425712100263
"a531fa95543fecc3f00f4f3643a6f461","CC(=O)OC1COC(n2c(O)c(/N=N/C(=N)S)c3ccccc32)C(OC(C)=O)C1OC(C)=O",12.557423222146108
"213df69e06c02213ed021e6117c2fb43","O=C(O)C1(Oc2cccc(F)c2)CCN(c2ncnc3sccc23)CC1",30.073329680457977
"780d5a2434a46a679d9d72123eee331a","O=C(c1cc(F)cc(Cl)c1)N1C[C@@H]2CC[C@H](C1)N(Cc1ccccc1)C2",32.525989080685
"50a71e1654ff56ceda343d17d1803678","CC(C)n1cc(NC(=O)N[C@@H](C)Cn2cncn2)cn1",14.242214975147904
"f0b9a19466f41cbb6452fb7be978cbf6","CCN(CC)S(=O)(=O)c1ccc(S(=O)(=O)N2CCC(C(=O)NC3CCN(Cc4ccccc4)CC3)CC2)cc1",31.14021030730716
"658cab31b6e23806ecd79cd57e162621","CN(C(=O)COc1ccc2ccc(=O)oc2c1)C1CCS(=O)(=O)C1",9.375742822991883
"8075dab3cfc683655f4d7e4697eb29d1","COc1ccc(C(NC(=O)C(=O)c2cccnc2)[C@H]2C[C@@H](O)C2)cc1F",23.724173663413204
"75acb14cbe332feeb7202cbb9cd538c7","Cc1cc(C)n(CC(C)NCc2c[nH]nc2-c2cccc3ccccc23)n1",25.88914501211742
"56515240f0c750da3095181367e6eed7","CCCCn1c(N)c(N(CC(C)C)C(=O)c2cc(C)nc3ccccc23)c(=O)[nH]c1=O",12.416927806834948
"4c659b3da896fcc352008151a211510a","COc1ccc(N2CCN(C(=O)CN3C(=O)NC(C)(C4CC4)C3=O)CC2)cc1",9.572841047007088
"01fc1938dd96b98c3e20b6b8297afb45","Cc1ccc(C(=O)OCC(=O)Nc2ccc3[nH]c(O)nc3c2)o1",5.577879252664604
"fc84e86f9fa6522e08c2067ae3fc0668","COc1ccc2cc1OCCn1cc(nn1)CO[C@H]1CN(C(=O)c3cnc(N4CCCCC4)nc3C)C[C@@H]1NC2=O",27.644184908033075
"15034817da59a98631aa203e217f4f14","CCc1nnc(N=C(S)Nc2ccccc2)s1",5.030130921218377
"14d1ca9ed1d9e987ec914d2efa4e91ba","CCC1(c2ccccc2)NC(=O)N(CC(=O)Nc2cccc(C#N)c2)C1=O",24.062690673280834
"632226576d0c83967bbc8768b550ce28","CC(C)c1nc(N2CCCC2=O)sc1C(=O)NCc1ccc2c(c1)OCO2",16.05982982702365
"3ef63521817d8df6398cd9f7999382d3","CN(C)CCN(C(=O)C1CCN(S(=O)(=O)c2cccs2)CC1)c1nc2ccccc2s1",27.62510221782179
"c3bbb694c0f8e7c7913b62a8f8a23f3b","CC1CCC(N/C(=N\O)c2cccnc2Oc2ccccc2Cl)CC1",30.540093305942975
"66b0b4a1d293b5dac8a912bb80992a4a","COc1c(Nc2ccc(Cl)cc2)c(=O)c1=O",7.179048849450992
"cb7d44ea3b67d1d7f1e45be3462fa1f0","C/C=C/c1cc(OC)c(OC)c(O)c1OC",8.62587487636577
"660e9a2465bac8a41f46ecc97d314faa","COc1cccc(C(=O)CSc2nnc(CNS(=O)(=O)c3ccc(C)cc3)n2C)c1",-8.137189507495801
"cbf09b30667a236cbfc2a8dc18ae7652","COCC(=O)Nc1cc(C)nn1-c1nc2c(cnn2-c2ccc(F)cc2)c(=O)[nH]1",36.94351514333694
"e4981225d613ab7fe85118fbd4810336","O=C(CCn1c(=O)oc2ccc(Cl)cc21)N1CCN(Cc2ccccc2)CC1",23.206827813913552
"363060e94c9781b57825ec9b29a6d4b5","Cc1ccc(C)c2c(SC(C)C(=O)NCc3ccco3)nc(-c3ccccc3)nc12",16.4708830510294
"005e7609ded239b112dbcd81373e163e","Cc1nn(-c2ccc(Cl)cc2)c2nc(CCl)cc(O)c12",22.079712684137437
"b8032b25a06f4e430db820cb0f8d0980","O=C(O)c1cc2c(nc1O)CCCC2",1.6148184891683706
"8d80bfb31d25cb36b5e665fb19db10b1","CCOc1ccccc1NC(=O)c1cn2c(n1)CCCC2",12.377173245762402
"b49800cda94631958af4634305013af0","COc1ccc([C@@H]2CCCN2C(=O)c2ccc(=O)[nH]n2)cc1OC",14.615427626537736
"12ce52fbc6587db785a41f9b48af09e9","O=C(NCCOc1ccccc1)C1CCC(=O)N(CCN2CCOCC2)C1",21.94433483121281
"d2507c7a057aa837c2ca49534fa0bff0","O=C(CN1CCCC1=O)NC1CCCc2c1cnn2-c1cc(F)cc(F)c1",12.724709393329944
"b65bf7e1cf1264257934ca6ee70e3ff0","CC(=O)N1CCC(=NNC(=O)c2cccs2)CC1",0.3839782056551962
"e77e39082960f49acdb92c247e4a1a16","CSCCC(NC(=O)c1ccc(Cl)cc1Cl)C(=O)NCc1ccccn1",20.689069934345422
"722071ddb859e8f4fd6475f88f221388","COc1cccc(NC(=O)NNS(=O)(=O)c2ccc(OC)cc2OC)c1",-6.357986975189131
"21112ab8d2429640ef91b6ef5837da2b","O=C(Nc1cnccn1)c1ccc(Cl)cn1",14.290437157506892
"3d5282dce37c68771d67c2584623ef2d","Cc1ccc(S(=O)(=O)N(C)c2ccc(C(=O)N(CC(C)C)C3CCS(=O)(=O)C3)cc2)cc1",11.647537470283511
"9b2fbf076291e4ac4a4229b50455a89d","Cc1nnsc1C(=O)NC(C)c1ccccc1",11.28187227184356
"48717e5ec4440519f52cd372e112c694","COc1ccc(C2N=C(S)N(c3ccccc3)C(C)=C2C(=O)Nc2ccccc2)cc1",9.773967539865644
"dc59305e0ac56f357aaf668566ef8d67","Cc1ccc(C)c(S(=O)(=O)N2CCN(C(=O)C3CC3C)CC2)c1",14.46605505099921
"e6ad0c9411f089fa844f347565f26421","Cc1nn(C)c2nc(NC[C@H](C)Oc3cccnc3)sc12",31.06862345893477
"750e835f452e9e7aeeca7ad7ae544d3a","C/C(=N\n1c(C)cc(C)c(C#N)c1=O)c1cccs1",1.1663663503150574
"f891fff0c8d1be1fd2bfb6e7fce23960","Cc1ccc(CN2CCc3c(cc(C(=O)N4CCC(N5CCCCC5)CC4)n3C)C2)cc1",36.54016688610941
"11ef3e8cb007f7fd70ba4720f7861d90","CCN(CC)C(=O)c1[nH]cnc1C(=O)Nc1cccc(C)c1",13.85875680803542
"df7931b0b4a2a90230dfce91f8824598","C/C(=C\CC/C(C)=C/C(=O)C[C@]1(C)CCc2cc(O)cc(C)c2O1)CO",18.672568891932148
"b274091f5ccf05a3f0b632417a2ea01b","CCCCCC(=O)NC(CC(=O)OC)c1ccc2c(c1)OCO2",5.020822919874007
"cde0cd54ed9336c37a2d4071a642e564","Cc1nn(C)c(=O)c(C(=O)N2CC[C@H](C(=O)N3CCCC3)C2)c1C",10.41216783174882
"d52fa6e67140e1fc0c74ab804553c7a9","Nc1nnc(-c2ccc(Cl)cc2Cl)s1",24.336584913071963
"6cfbf742fec1c32722c5e0d3a8c32c40","CCCCc1cc(C[C@@H]2C[C@H](NC(=O)C3CCCC3)C2(C)C)no1",22.765945977783417
"ea154ab96ce97be6fc8e99920a1e567f","Cn1nc(C2CC2)c2[nH]c(-c3ccccc3OC(F)(F)F)nc21",29.046671476283333
"65ff9d393de75e7672ea88ad7fcd94d5","COc1ccc(-c2cc(C(=O)Nc3c(C)n(C)n(-c4ccccc4)c3=O)c3ccccc3n2)cc1",13.45283949845495
"f684f56d244fe2f42473cee31a4b7239","COc1ccc(C(=O)Nc2nonc2NC(=O)c2ccc(OC)c(Br)c2)cc1Br",9.893427756782154
"e04f04c5566f8317c6cbd662f713eef7","COc1cc(C(=O)NNC(=S)NC(=O)/C=C/c2ccccc2)cc(OC)c1OC",-2.1145345969318763
"cd9439048c15f606d11e6026b15975d6","COc1ccc(C2C(C(=O)c3cc4cccc(OC)c4o3)=C(O)C(=O)N2CCCN(C)C)cc1OC",20.266557829235644
"543ba52dba914d18c99a2dddb2a3ddeb","CC(C)[C@@H]1CN(CCN2CCNC2=O)c2ccccc21",17.08226479044951
"cf3adcc029400f7e79d1da119de863e4","CC1=C(CCCCCC(=O)OCCN(C)C)C(=O)c2ccccc2C1=O",25.78601230280146
"fc051b4ad7ae01d8472df0260ecc2a0c","COc1ccc2nc(NC(=O)c3ccc(C#N)cc3)sc2c1",17.19062897006752
"90a9ca0b0e7c0dde5e1664dde73d3a81","CCc1cnc(C)nc1CC[C@H]1COc2ccccc2O1",11.028443725520251
"0a2e0587c81cf10c69a007bf7a8678fb","CC(CNC(=O)N1CCC(C(=O)O)C1)Oc1ccc(C(C)C)cc1",2.76801661215498
"af68cddae1d45a7a8ffd2213e12fd6cd","Cc1cc(C(=O)NCCc2nnc(C)n2C)cc(C)c1F",7.974184812940407
"3eed742d89116c84bdc71d91f15b329f","CN1CCN(C(=O)CN2C[C@@H](c3ccccc3Cl)OCC2(C)C)CC1",32.44390263138829
"2d6cfb6c93790022be05047889496638","COc1ccccc1[C@H]1CN(C)[C@@H]2C3CCN(CC3)[C@H]12",18.67980329036068
"47c5f8e2f68472ae7705f8260b780765","CCOC(=O)/C(C#N)=C\C1=C(N2CCCC2)CC(C)(CC)OC1",11.614965635738107
"6eaf7f321568caf2340921a639b8acbc","NC(=O)c1ccc(NC(=O)COC(=O)c2c3c(nc4ccccc24)/C(=C\c2ccc4c(c2)OCO4)CCC3)cc1",22.89548470413471
"ab0ed77f5e1c03d18e0f5778bfcd4f9a","O=C(CC1(C(=O)O)CCC1)N[C@@H]1CCOc2c(F)cccc21",6.563132911344058
"00be4d595a058afbdb5c21da74927b9c","O=C(c1cn[nH]c1)N1CCC2(CCCC2)C1",9.76587965025287
"1bba19aced5a6f89a343dd7463374411","CN1CCC(NC(=O)c2ccc(=O)n(C)c2)C1c1ccc(F)c(F)c1",22.805252697248005
"53987535b90d9bf7c54d07df8b2fb0d5","CCOC(=O)C1=C(c2ccccc2)N=C2SCC(=O)N2C1c1ccc(O)c(OC)c1",-3.4429347119691287
"43a3aaf9d8f2a7b600eeb6c889271bd6","COc1ccc([N+](=O)[O-])c(S(=O)(=O)c2ccccc2)n1",9.1814435261533
"8e44a71fffa4d7b8be0ed6d60728d4c5","COc1ccc(C(=O)Nc2ccc3c(c2)OCCO3)cc1[N+](=O)[O-]",8.331504246035639
"5b0425f5d5d249d494760ec17326bb47","O=C(Cc1cc(-c2ccccc2)on1)NCCCN1CCOCC1",27.733864964153735
"093e748e92c01544cae4681d7ec300c3","CC(C)(C)c1ccc(S(=O)(=O)N2CCN(C3CCCC3)CC2)cc1",28.79115416309305
"ab88bc307b77a0eb2c696effa48bad9a","O=C(NCCc1c[nH]cn1)c1cccc(-c2ccc(CN3CCCC3)cc2)c1",57.6332737785828
"33e62462d553bf8a5f3ba7c92224a86f","CCN(Cc1ccc(OC)c(F)c1)C(=O)c1oc2ccccc2c1COC",31.476113926607983
"2f3156c62f21c9655b26907988d84639","CCOC(=O)N1CCN(C(=O)c2ccc(C[S+]([O-])Cc3ccccc3Cl)o2)CC1",8.075450607536716
"9da333089dea0272e11b3053ac969375","Cc1ccc(C#N)c(NCCCc2nnc3ccccn23)n1",17.47911565370168
"4f67186f666432faf510293f54d681d7","CC(Oc1ccc(S(=O)(=O)N2CCCC2)cc1[N+](=O)[O-])C(=O)N(C)c1ccccc1",13.970473271518308
"bf65ca752c15978aab1e3916e2d9bf7b","CCCC(CCc1ccccc1)NC(=O)NC1CCN(C)C1=O",20.229336681178825
"7264d7ef9583d14223395fbecb50e63f","Cc1ccc(N/C=C2\C(=O)N(c3ccc(F)cc3F)C(c3cccnc3)S2(=O)=O)cc1",12.196712377324683
"15ca3a294380924e65baa93ed39d7801","CCNC(=O)NCc1ccc([C@H](O)c2ccccc2)s1",6.641768302960258
"8cf61c3efe46ad8a7420697b77ffc0c8","CCC(C)C(NS(C)(=O)=O)C(=O)NCC1(c2ccccc2)CC1",19.148055668398342
"7edb43d02748009e4be340f1c26124ba","Cc1ccc(-c2nnc([C@H](C)N3CCCN(c4ccccc4C#N)CC3)o2)cc1",39.78394984244961
"8668e0341a2bbfaa877cc85a5a301de0","NN=C(S)Nc1c(F)cc(F)cc1Br",4.853854346225829
"d015f9051bc6ba4595a97414c3e394e3","O=C1C2C3CCC(C3)C2C(=O)N1Cc1ccco1",9.46731083448582
"c8c7ed4b9ddb5ce476ab40d4e22a74ce","O=S(=O)(N1CCCCCC1)N1CCN2CCCC[C@H]2C1",23.084573720748725
"ce4f4e44d9c3eb9d40f09070f372a6fc","CCNc1ccnc(N2C[C@H](C3CC3)[C@@H](N(C)C)C2)n1",40.9528062785846
"aa867e9a524ff96b2d730c0dfa4f31db","CNC(=O)c1cccc(NCc2ccc(-c3c(F)cccc3F)o2)c1C",37.70842238715217
"981bbdb3ab9c608d17e1d6b9dd2fd304","COC(=O)c1nc(CCNC(=O)OC(C)(C)C)sc1C",11.906114414673306
"53931fb24d6b90bcc6d09ab5ebe6b9a5","COc1cc2c(cc1OC)C(c1cccc([N+](=O)[O-])c1)=NCC2",15.47212438296858
"c780d4a76d7e7e6fee4f35400dff2b10","CCOC(=O)c1c(-c2ccccc2)n(Cc2ccccc2)c2ccc(OC(C)=O)cc12",26.779749485797367
"2d57cfc8de188fd0e26f8e19698db752","O=C1NCCCCCN(C(=O)CC2CCCCC2)[C@@H]2C[C@@H](C(=O)N3CCc4ccccc4C3)C[C@H]12",25.567284113052025
"dee8095e321b0ac30522c3688d270549","Cc1nc2scc(-c3ccccc3)c2c(=O)o1",10.855029393623449
"b6990ca884174c67f4fedaf9f0bdbf3d","O=c1c2cnc(N3CCc4ccccc4C3)nc2ccn1-c1ccc(Cl)c(Cl)c1",33.20129452805279
"330bfb20164a25ac1cddd9118c3ab2ed","CCCCN(C(=O)c1c(CC)noc1C)c1c(N)n(CC(C)C)c(=O)[nH]c1=O",0.8817302592346153
"06e7d7b517fe5d62fafcb5d32dc83f71","CC(C)OC(=O)c1cc2ccccc2[nH]1",21.223797798526444
"fc64bc9be0b153968378d9a38963c786","O=C(NCCCO)c1nc2ccccc2s1",18.611211659505955
"fc1478bdb71b60e249cb84ae070be806","N#CCCN1CCN(S(=O)(=O)c2ccc(C3CCCCC3)cc2)CC1",24.646522664688067
"fc0bcdafc2b16c6866292cf1a19efb79","C[C@H]1c2ccsc2CCN1Cc1nnc(C(C)(C)C)o1",10.753333032936771
"95d0e1af38dc09c2922c8e5274bb07a1","O=C(CSc1nnc(O)n1-c1ccccc1)Nc1ccccc1C(F)(F)F",-4.11426950953077
"6fd51dd4e96c4aa258ef1deed4f10dd1","Fc1cc(F)c2nc(N3CCCC3)sc2c1",17.00639709645318
"dd1868869e1f1e52b8f8598a03f65bd8","CC(C)Oc1ccc(C(=O)NC[C@H]2CCS(=O)(=O)C2)cc1",15.731825987262066
"d6347e7c53af53f80ae4561c23be2e93","O=C(c1ccc(F)cc1)N1CCN(S(=O)(=O)c2ccc(Br)cc2)CC1",11.317297794861924
"d896632a16ba70974d8d8b555a73922b","COc1ccccc1Cn1ncc2[nH]c(-c3cccn3-c3nccs3)nc21",31.57701820612352
"c6796f72bb93f6791e4ef98ebabad671","c1ccc(CCNCc2cccnc2)cc1",27.959402127867197
"754a26c31713878cdb2469393019d6c7","Cc1ccnc(N2CCCC(C(=O)Nc3cccc(C)c3C)C2)n1",18.59562104042099
"61f568ffffce8f5901adbdea31f250be","N=C(N)c1cccc(NC(=O)Nc2ccc(S(=O)(=O)Nc3cccc4ccccc34)cc2)c1",17.251648236648055
"6758b2be813d166738fd64b84eacf61a","COc1ccc(N(CC(=O)N/N=C/c2ccco2)S(=O)(=O)c2ccccc2)cc1Cl",9.678269999187677
"92adb8d2b32a697409d4ee63f99a0d4d","C=CCc1c(C)nc(S)c(C#N)c1C",6.303396089767612
"2eba1e597c374bf3067df0696e06cea7","COc1cccc(NC(=O)CNC(=O)c2cn(-c3ccccc3OC)c(=O)c3ccccc23)c1",4.1196321050209015
"737175020a22771805b856833efd4fca","COc1ccc(CC(=O)N2[C@@H]3CC[C@H]2CC(NC(=O)c2cnc(C)cn2)C3)cc1Cl",26.627379265277124
"3e6c186b0240783b178647965351807c","CCNNC(=O)C(O)(Cc1ccccc1)Cc1ccccc1",10.181177916552054
"bec250a53ba4475614d2df3a190acdb7","CCc1nc(CS(=O)(=O)C[C@H]2CCCO2)n[nH]1",5.213581755903752
"083fbf2a99ecec620b012a3bd2684e19","CCN(CC(=O)Nc1ccc2c(c1)OCCO2)C(=O)CN1C(=O)NC(C)(c2ccc(C)cc2)C1=O",17.72192174754067
"8c74380e4425b9f0682a1bf5b8f6c8e5","CC(=O)c1sc(-c2cccc(Cl)c2)nc1C",18.82974269027543
"b783fd63c224d8ca25baab46ac8081ac","COc1cc(/C=C(\C#N)C(=O)Nc2ccccc2F)cc(OC)c1OC",-2.0297834323608006
"a0458a700ca3b983b288defd808fa393","Cc1cccc2c1O[C@H](C(=O)N(C)Cc1c(C)nc3sccn13)C2",15.263917511767174
"b4ff448f22d7d1b2bae9ed31dbf2ee5a","CC(C)=CC1C(C(=O)OCc2coc(Cc3ccccc3)c2)C1(C)C",10.191148001429584
"e257ae4b4ecbd4bdb4402ce9dc2c9462","O=C1CCCN1CN(C(=O)c1ccccc1)c1ccc(F)cc1",15.054071738552423
"ae99ab4d4ccb1eaf047b0f790d611f62","Cc1cc(C)n(-c2nc(-c3ccccc3)cs2)n1",13.181114413376717
"18525f8c69a23bcad06601b2df021fd8","O=C(C[C@H]1CCS(=O)(=O)C1)Nc1ccc2c(c1)OCCO2",10.160159587343191
"5ac6f9a562edc572acf938895a23bf62","Cc1cc(NC(=O)N[C@@]2(C)CCOC2)n(Cc2ccccn2)n1",13.099113224036516
"25fe86adfe99e08072c001c559c52650","Cc1ccc(SCc2n[nH]c3c2C(C(C)C)C(C#N)=C(N)O3)cc1",-5.443932980612824
"e71647b8ed81f52c1d20259e44bc5c82","COc1cccc(NC(=O)CN(C)C(=O)c2c(C)nn(CC(C)C)c2Cl)c1",14.75426294693007
"bb74eb97e5322ec4d5592394c82c8f71","N#Cc1cnn(-c2ccc(NC(=O)c3ccc(Oc4ccccc4)cc3)cc2)c1N",29.555415405841572
"1151f0f624be983ac331141c917d052e","CCN1C(=O)CC[C@]12CC[C@@H](NC(=O)c1ccncc1F)CC2",22.360466506744093
"fa580ef330ac3c01c3db6990ed7db490","Cc1ccccc1CS(=O)(=O)N1CCCc2ccccc21",0.6169649446543282
"36dfc66ae44b377ee7820251d4bb6134","CCc1ccc(NC(=O)CCn2c(=O)oc3ccccc32)cc1",5.184287180955857
"155d09e40a70ca7f4b32625a8911dc56","O=C(COc1ccc2ccccc2c1Br)N1CCCCC1",11.222873433628026
"235c14c3de530ef86630d5b107f89a3c","CC(C)Cn1nccc1C(=O)Nc1cc(Cl)ccc1-c1nnn[nH]1",22.51019502557225
"ecf74aac017841babb1a83865bd4c1b9","O=C(CSc1ccc(Br)cc1)c1c[nH]c2cc(Br)ccc12",34.36559723095415
"451ceb3f5e121ed8185d22474637aab8","C[C@@H](CCN)c1cccc(C(F)(F)F)c1",20.104416513565667
"73f07a40973544fe4d58c97425f16a89","Cc1cnc(O)nc1SCc1cccc(C(F)(F)F)c1",17.589761980600194
"58fbe34063fd47363852eb17c2691700","CCOc1ccccc1N(CC(=O)NCCc1ccccc1)C(=O)CCC(=O)Nc1ccccn1",9.21394621949458
"1a858e04c5b585aa721d59e61f3c07e3","Cc1nc(CC(=O)NC[C@@H]2C[C@@H]3C=C[C@@H]2C32CC2)cs1",5.228746239050283
"ce9da7d9c9516081bf41156e702bb8ce","Cc1ccc(SCC(=O)N2CCc3ccccc32)cc1",7.306147257201882
"d0aef159598678c53d5a5db3f1ab46e2","Nc1ncc(Cl)cc1S(=O)(=O)N1CCN(Cc2cccs2)CC1",25.774660640884576
"99f18a4ec179a4fe920ff8bf798bed4e","CCCC(=O)Nc1ccc(C(=O)COC(=O)c2cc(C)oc2C)cc1",3.183774753739015
"0438b7d67abdec88769201e4da909a5a","COc1ccc(/C(C)=N/NC(=O)c2cccc(S(=O)(=O)N3CCCC3)c2)c(O)c1",11.470568476142248
"ea88908f504780c59a72ad2b0a3f4963","Cc1onc(-c2ccc(Cl)cc2)c1-c1ccnc(SCC(=O)Nc2cc(Cl)cc(Cl)c2)n1",28.210880757951017
"c5b6ad1fbe889140e6cad16749f23af8","O=C(COc1cccc(C(F)(F)F)c1)N1CCN(c2cc(-n3cncn3)ncn2)CC1",32.5811189933341
"6a6236c5192ba760f68cfd7f24542596","CCC/C=C/c1nccc(N2CCC[C@H](O)C2)n1",36.06241940518723
"90990c36e8543cc090bdd67912d32a29","COc1ccc(N2C(=O)CC(N(CCc3ccccc3)C(=O)/C=C/C(=O)O)C2=O)cc1",0.717692931431511
"13de7ff2fd5c69eb40e831eabe927d2f","CC(=O)Oc1ccccc1C(=O)Nc1c(C#N)[n+]([O-])c2cc(F)c(F)cc2[n+]1[O-]",11.178479371289283
"84e4f83c5403a8a6c6514430d2d5f813","Cc1cnc(=O)n(Cc2ccccc2F)c1",7.274350817269046
"9e8fd9577832a40755b5351dff035a84","COc1ccc(-c2oc3cccc(OC)c3c2C(=O)c2c(OC)cc(OC)cc2OC)cc1",24.36167384291076
"858c73a88ced1769c1c20d22b6d70d02","Cc1ccc(Cn2ncc3ccc(C(=O)N[C@@H](C)c4ccc(F)cc4)cc32)cc1",37.092009902414425
"ea0056a524db669c8bc0fe1c67938533","Cc1nc(C)c(S(=O)(=O)Nc2n[nH]c3cc(F)ccc23)s1",23.78991512153547
"e7ad044f3e8d31263cca579e041fb82c","O=S(=O)(CC1CCCC1)NCC[C@H]1CCCOC1",13.579047835906628
"bdba6a2e03170f592cb07babf64a1189","O=C(CSc1nc2nncc-2c(O)[nH]1)NCc1ccccc1",4.22941513569968
"4ebbe72750840328728c4baa94a1f51f","NCCc1ccc(Br)cc1",15.555073388937563
"924fbe209da702150de6e3084a281440","CCn1c(CN(C)CC2CCN(CCO)CC2)nc2c(F)cccc21",34.903992379378494
"3bbff59e535a2040bf87377c76c4a858","COCC1(CNC(=O)[C@H]2CCOC2)CCC1",13.192049926058608
"20410e3f580a1aefbac968a0bea6b261","C[C@@H](C(=O)N(C)CC1(O)CCC1)n1cnc2c(N)ncnc21",24.634495725789726
"bdf57a91819b207e4a87e2af9174ebd3","Cc1ccnc(N2CC[C@H](c3ccccc3C(=O)O)C2)n1",12.762107755230735
"928f5981cdf083a5b6afdac68459f0e4","Cc1cc(C)cc(C(=O)NC(=S)Nc2ccc(-c3cc4ccccc4oc3=O)cc2)c1",19.83842060282894
"1af668816e4f41debb537f0e64844304","Cc1ccc(CN2CCN(CC(=O)N/N=C/c3ccccc3F)CC2)cc1",22.270558351311465
"3f3c9209d97d6c589fbf3511744fe181","COc1cc(NC(=O)NC2CCCC(OC(=O)Nc3ccccc3)C2)cc(OC)c1",23.520708876167035
"8120af98090afc6b0aa4421c4d8da191","Cc1nnc(N2CCC[C@H](n3ccc(C(F)(F)F)n3)C2)o1",16.49961501868463
"d36c9bcb6bee043f5684606de362f799","CCOc1ccc(CNC(=O)CCn2c(=O)oc3ccccc32)cc1",3.0110663846432866
"a7b16ec8de4d1b91c77e055f2a14d866","Cc1cccc(N(CC(=O)Nc2ccc(-c3nc4ccc(C)cc4s3)cc2)S(C)(=O)=O)c1",20.950154121022848
"bb5423da0a2e8d2090c3f6c484ccd650","C(=C/c1nnc(-c2cccs2)o1)\c1ccccc1",13.021793027090242
"cce00a0a829cec3a8131eb388f4ffaf2","COc1cccc(C2C(C#N)=C(N)Oc3c2oc(CO)cc3=O)c1OC",-5.248174280578836
"95fb22507849fc56bbd010203e79c6dc","CCSC1=C(C#N)C(c2ccc3c(c2)OCO3)C2=C(O)CCCC2=N1",1.5570123719683968
"08987ce1e88ad98c1623945863942551","CC1OCCC1(C)NC(=O)Nc1ccc(C2CCC2)cn1",21.25995957258914
"0463933c5015c96af560878d673bd9c8","O=C(NC(=S)Nc1cc(Cl)ccc1N1CCOCC1)c1ccc(-c2cccc(Cl)c2)o1",22.881124010050684
"19f7598da77c9fc431451e69d4010410","O=C(c1cccs1)N1CCN(c2nc3c(F)cc(F)cc3s2)CC1",20.452325215890045
"8e6c64e3f2ee67db1c17aec439a4408d","C/C(=N\NC(=O)c1cccc(S(=O)(=O)Nc2cccc(Cl)c2)c1)c1cccs1",7.0166259285674455
"646fbd087ce0a94ca36da9c25d9e9485","CC(C)CN(C(=O)CN1CCN(c2ccc(F)cc2)CC1)c1c(N)n(CC(C)C)c(=O)[nH]c1=O",22.070397947974417
"906a421cd223efb95aad74b70cc7e165","O=C1N(Cc2ccc3c(c2)OCO3)c2ccccc2C1(O)c1c[nH]c2ccccc12",28.421657514890736
"9a3ce2cac52cc0e09e3b4587abc92bf8","CCOC(=O)COc1coc(CN2CCN(c3ccc(F)cc3)CC2)cc1=O",8.496848426209976
"09517588b55a90d13b3c08bc0ef17c9b","COC(C)(C)c1noc(C2CC3CCC2C3)n1",14.311789348243346
"d3702c45affaa4f472c4f4932e8bd729","CCc1nc(N)sc1C(=O)N[C@H]1CC(=O)Nc2ccccc21",20.1498698653325
"e9561ce3724e508008ae2aa1bebbe77a","CC(N=C(S)Nc1ccc(OC(F)F)cc1OC(F)F)C(C)(C)C",7.267851193439569
"cca5f284f26f01c79b2c04edfbfb273d","CC(C(=O)NCC1CCCO1)N1CCCC(Cn2cncn2)C1",23.259615138567884
"d259ede9a5474dc8b5ccc6eac5630eac","CC(NCC(=O)Nc1ccncc1)C(C)n1cccn1",31.9471300722518
"3f2d4f49611ffac2d76973f9def00f9b","CC(C)n1cc(OC(=O)C(C)(C)C)nc1N/C(=N\C(=O)C(C)(C)C)Nc1ccc(Cl)c(Cl)c1",19.518091600450333
"68290b3d98499af4414c70ef25ad1953","Cc1cc(C)cc(N(CC(=O)NCCSc2ccccn2)S(=O)(=O)c2ccccc2)c1",11.571183672856307
"d7186e1f8391d7b6beea1d027b77f5df","CCN(c1ccc2sc(C(=O)NC)cc2c1)S(=O)(=O)c1ccc(OC)cc1",20.884732845379705
"19afa12167c4d84b504148ebeb1a87cc","COC(=O)C1CC(OC)CN1C(=O)c1cc(C)on1",16.150029415889826
"de142b3351c8db51784b98db0f0c369b","CN1CCN(C(=O)COc2c3c(cc4c2C(=O)N(C)CC4)OCO3)CC1",17.480193164477306
"91528c554c34bf154366e44b9f6ae8c0","O=C(Cn1nnc(-c2ccc(OCc3ccccc3F)cc2)n1)N1CCOCC1",13.980264459064369
"ec4ac4eeb62e6c5bbf8ceafde7d2511f","CCn1c(SCC(=O)NCc2cccs2)nc2c1c(=O)n(C)c(=O)n2C",-4.871769715797055
"9d5c1465e476eb346a30eabe62e0a6fc","Cc1cc(N)c(-n2cc3c(=O)n(C)c(=O)n(C)c3c2)cc1C",18.1982903266281
"ab06b81cda522fcfea0bdafdc162cae5","NS(=O)(=O)c1cccc(NS(=O)(=O)c2ccc3ccccc3c2)c1",11.609573731166696
"6839b5d4cb3feeb6b616ed13ce8c820a","CCCCOc1ccc(S(=O)(=O)NC(=O)NCc2ccc(OCCC)cc2)cc1",5.973038396447451
"682c3312cc7215179047533a829e8da0","COc1cccc(C(=O)Nc2nc3c(ccc4onc(-c5ccccc5[N+](=O)[O-])c43)s2)c1",20.802028656249192
"8e16260610ff267ae12d5e283cd8a644","O=C(NCCc1ccccc1)c1ccc(Cl)c([N+](=O)[O-])c1",9.905721832793771
"465f247bd860a264f7bbab3ca1af85cc","CC(C)c1ccccc1OCCCN1CCCC1",25.84032552054434
"8c0481b585782823bf6953a57195a55a","CC(NCC(CCO)c1ccccc1)C(C)NC(=O)OC(C)(C)C",35.55871802805744
"925bb7c2c6b5eabe352e6df81d25ba5b","Cc1cccc(C(=O)Nc2c(C(=O)N(C)C)cnn2-c2ccccc2)c1",-0.3770032587017627
"c5466d52bd0aa8156b146a585691d48b","O=C(CSc1nc2ccc(Nc3nc(N4CCCC4)nc(N4CCCC4)n3)cc2s1)NCc1ccco1",37.06066698435105
"b7c909bdeb7b552c406185e49eab74e1","CN1CCN(c2ccc(-c3nc(CC(N)=O)n[nH]3)cc2)CC1",34.579667661656025
"8608936d19e6725e19a289d447ffe8e0","COc1ccc(Cl)cc1C(=O)NN=C(S)NC1CCCC1",5.760041423750228
"9fb86a7558c982578906a445007d44bd","COCCN1C(=O)c2ccc(C(=O)Nc3nnc(C4CC4)s3)cc2C1=O",-8.234576732609696
"518c00c2367f21e58ce519dedb6bbe76","O=C(NN1C(=O)c2ccccc2NC1c1ccccc1OCc1ccccc1)c1ccncc1",25.314620337191837
"880a24e7a6d4f34d4c8f774dfb8731ff","CN(CC(=O)Nc1c(Cl)cccc1Cl)C(=O)c1cccc(-n2cccc2)c1",13.54326389225736
"888d2046003fa091d58302e3734bb7db","CC(C)NC(=O)C1CCN(c2ccc(S(=O)(=O)N3CCOCC3)cc2Cl)CC1",23.8269033839034
"a1af05689c78c2f1e655e5d2a69606c4","Cc1ccc(S(=O)(=O)CC(C)NC2CCC23CCCC3)cc1",16.726382214582724
"e24cf7b2396ac66438f1360208518bd0","O=C(Nc1ccccc1C(=O)O)c1ccco1",-3.412187379245969
"0811babe6fe264bedd705f99e82d5de7","CC1C(=O)N2CCCc3cc(NC(=O)C(=O)NCCN4CCOCC4)cc1c32",9.64510975001538
"fc6890948120a5f745d4287d1efa23fc","Cc1nc(O)nc(O)c1S(=O)(=O)N1CCC(C(=O)NC2CCCCCCC2)CC1",0.3977166223966445
"eba057fdbd4421ef43bac44f81253d0e","CSCCC(C)N1CCC(Oc2ccc(C(=O)N3CCCC3)cc2)CC1",32.02128044726472
"afd376ecece00d7bd4ed4579f96af82b","CC(C)n1ncnc1CNc1cc(C(F)(F)F)nc2c(F)cc(Br)cc12",29.155776397047543
"efa8bd9d21399659bbb2dfcaf38569c8","CC(C)=CCCc1cnc2c(C)cc(OCc3cccc([N+](=O)[O-])c3)c3c2c1CC[C@H]3C",22.580658228858656
"c3d5ac0ba6c9a94dd6e9f91299934d51","CC(C)CN(C1CCOCC1)C1CN(Cc2ccc(F)cc2)C1",32.05794859300583
"6c2f7f5ec45127adf95504898ccc3cea","Cc1cc(NS(=O)(=O)c2ccc(NC(=O)/C=C/c3cccc(Cl)c3)cc2)no1",12.94058048507609
"62b679a6e5abb0bc8a087cea80053016","CCOc1cc(N2CCOCC2)c(OCC)cc1NC(=O)C1CC(=O)N(c2ccccc2OCC)C1",19.008816152624664
"ab6ada87660d2f1ff75e2d7fffc59a0d","COc1ccccc1C(=O)N/C(=C/c1ccc(Br)cc1)C(=O)NCCCn1ccnc1",7.117387905536106
"29062950b364a49168c7fd924a47f10f","COCCCCC(=O)N(Cc1ccccc1)c1ccc(C#N)cn1",21.871213774229496
"717b016d1ece21964e84dabbf3583e5b","O=C(c1ccn(C(=O)Nc2ccccc2)n1)N1CCOCC1",17.651060403720358
"04ef349426a6e8ce680ed038b93dea6d","S=C(NCCc1c[nH]cn1)NC1CCCC1",19.73829972778438
"f1bfb8a53658894003a58acc9ce4d42b","Cc1ccc(S(=O)(=O)NCC2(c3ccccc3)CCOCC2)cc1",10.269902408116629
"8d61bda61824d2413e881bc586a53b0d","Cc1ccc(F)cc1S(=O)(=O)Oc1cccc(-n2cncn2)c1",16.699401733466225
"2bfa5d172360e6488da91bed9d878715","C[C@@H](c1ccc(F)cc1)n1c(CN2CCN(C)CC2)n[nH]c1=O",23.74370563468692
"7baf857d972672ed0062614ebeb65ff0","COCCCNC(=O)c1ccc2c(=O)n(Cc3ccccc3OC)c(=S)[nH]c2c1",13.389183457055529
"b002d5c5987ab74ae7458e03993a8aa0","Fc1cccc(CN2CCSCC2)c1",20.278389897337405
"124f04159f3cbb77a7aeb5fd0a46212a","COc1ccc(C(=O)NC2(C(F)(F)F)NC(=O)N(CCCc3ccccc3)C2=O)c(OC)c1OC",0.995556704361936
"d2cd2002a7fff00ab245758e62aada76","C/C(N)=C(/C#N)C(=O)COC(=O)CNS(=O)(=O)c1ccc2ccccc2c1",7.872547849370368
"033637f6336b55fedf3f95efedb3f675","Oc1nc(-c2ccccc2)c2cc(SC(F)F)ccc2n1",23.678085901155708
"b72cb8315d78948849481808b1adb433","CCOCCCN(C)C1CCN(S(=O)(=O)c2csc(C(N)=O)c2)CC1",29.09452919855402
"4d2324ca22aab6328e85bf271492de26","CCN(CC)C(=O)CSc1nnc([C@H](Cc2c[nH]c3ccccc23)NC(=O)OC(C)(C)C)o1",30.255555501991093
"37b0249497633c9a667f6246891156e0","Cc1ccnc(N2C(=O)c3ccccc3C2Nc2ccccc2C)c1",22.3999187868614
"a32890d779ba8be384489fb36f80c98b","CC(=O)Nc1ccccc1C",5.140642621942434
"2927aa326aebc3083c3bd0074c26d28e","Cc1cc(C)n(CC(=O)N(C)[C@H]2CCc3nnc(C)n3CC2)n1",-9.581125236847532
"403a379a20f61cf72153c59884cb7961","C=CCn1c(COc2cc(C)ccc2C(C)C)nnc1SCC(=O)c1c(N)n(C)c(=O)n(C)c1=O",-5.4001490156795535
"f1041b708ca9522233004e75a74664b2","CC[C@@H](c1ccccn1)N(C)C(=O)c1ccnnc1",11.733389819353926
"35a9a3108a21b37c70222025d443b77f","COc1cccc(CNC(=O)CSc2cc(=O)n(C)c3ccccc23)c1",4.707403839531434
"acd20685a84ee167377acae7de29619a","Cc1ccc(NC(=O)CCCCCN2C(=O)[C@@H]3Cc4ccccc4CN3C2=O)cc1",16.63913769223065
"5facfced27866c8cf773ab63583480db","CN(CCCNC(=O)COc1cc(=O)n(C)c2ccccc12)Cc1ccccc1",16.442281540703107
"40702fd14613f1c0fa7c8a55d633b1d0","CCCN1C(=O)c2ccccc2C(C(=O)N2CCOCC2)C1c1cc(OC)c(OC)c(OC)c1",16.040871873959933
"03a5e4de979b5a584f226399fb10a85f","COc1ccc2c(c1CC=C(C)C)O[C@H]1c3ccc(OC(C)=O)cc3OC[C@@H]21",22.553252991299463
"804b65def5122268434b377157cd1537","COCCC(NC(=O)C1CCCc2[nH]ncc21)c1ccc(Cl)cc1",12.601403983934928
"434618fd1303b4a1b622441d8a4e5984","CN(C)c1ccc(NC(=O)Cn2cnc3ccccc32)cc1",12.702261137354771
"20a068a5e012a43f3a700aedadb9c810","CC(C)(C)Cc1ccccc1C(=O)Nc1ncc2c(n1)CCOC2",2.1827807964504107
"0df45b123dde048c787ac33ebe2ccb9d","CC(C)(C)c1ccc(S(=O)(=O)Nc2ccc3c(c2)COC3=O)cc1",7.724059191100161
"7088ee7dd5ef34bd7d4803b9d7947367","Cc1cccc2c(N3CCC(N4CCCOCC4)CC3)ncnc12",50.06887798984666
"150c8cba1bcd43cc57ac5731ef1f3941","Cc1ccc(-n2c(SCC(=O)NC3CCS(=O)(=O)C3)nc3ccccc3c2=O)cc1",6.724997001237359
"ead92b62d68479c99dc066e5686b79e5","Clc1ccc(Cn2cnc3ccccc32)cc1",12.6801862628082
"ff588d85031c3f9b51299075e92aeccb","N#Cc1cnn2cc(-c3ncc(C(F)(F)F)cc3Cl)cnc12",25.79714237458664
"5383c3c3c77e1be00f06c4bc33028e8c","COc1ccccc1NC(=O)N(CCN1CCOCC1)Cc1cc2cc(C)cc(C)c2nc1O",19.49556417589824
"3d099c13365fdb34def92c2daf8d7f15","O=C(NCc1ccncc1)c1cn2c(n1)CC[C@H](c1cc(C(F)(F)F)cc(C(F)(F)F)c1)C2",20.94402873638057
"7b20f20a728701f4eff6ab7b22378320","CCCn1cc(CN2CCN(CCOC)[C@@H]3CS(=O)(=O)C[C@@H]32)c(C)n1",19.873075805579848
"3119e65d0ea63ae00bcb82d3540162c9","Cc1ccc(SCCSc2ncccn2)cc1",5.701872266181786
"10939120f2a54b0b90eca4a7438b165f","O=[N+]([O-])c1ccc(-n2cccc2/C=C/c2cc(C(F)(F)F)nc(O)n2)cc1",6.261476256504642
"611cf56d557e0f62ff8081b3704af371","C[N+](C)(C)CCOc1ccc([N+](=O)[O-])cc1",10.776435360539876
"7f6544713ed31ef3d3f1b7b2f519f48a","CC(=O)c1cccc(NC(=O)CN2C(=O)NC(C)(c3ccc4c(c3)OCCCO4)C2=O)c1",18.504498292303875
"cf924e639ff4b5c49205fc025d674881","Cc1cc(C)c2nc(SC3CCOC3=O)cc(C)c2c1",17.2007491750527
"1299c54fbc497b9688e898e671c57cbb","Cc1cccnc1[C@H](C1CC1)n1cnc2cn(C)nc2c1=O",30.5217297780616
"6cf5afc3df926ae56e7601c8529489fe","COc1ccc2cc(/C=N/NC(=O)c3ccc(CN(c4ccc(C)c(C)c4)S(C)(=O)=O)cc3)c(Cl)nc2c1",17.0367277779657
"e39a666803575f2387ec90ab6829aaaa","O=C(c1ccccc1F)N1C[C@H]2C[C@@H](C1)c1cccc(=O)n1C2",1.576321669122275
"15cb70b7de80de76abc97699ed3621a1","Cc1nc(C)c(C(=O)N2CCO[C@@H](c3ccc(Cl)cc3)C2)o1",10.927361195600875
"103b580a87f354d5b2cdf49f1aae4deb","O=C(Cc1ccccc1)N1CCN(C(=O)c2cnn3ccccc23)CC1",22.873018365934737
"5c31e751fa53dc5491e5c2f72a83f32e","CC12CCC(=O)N1C(C(=O)N1CCN(c3cccc(Cl)c3)CC1)CS2",17.985966991226963
"0ecd1339a1ff3ef07bb0f1e95e1638c9","CCOCCN1C[C@H](NC(=O)CN2CCCC2=O)[C@@H](c2ccccc2)C1",20.846885355358967
"2e72a6b9634f43952243f4f6d3c45f18","CCc1nnc(NC(=O)CSc2nnc(CNc3cccc(C)c3)n2-c2ccccc2)s1",-9.095525138894772
"2ce5929151806b70464d6aa62ecfca67","CCCc1nc2ccccc2c(=O)n1NC(=O)c1c(O)c2cccc3c2n(c1=O)CCC3",-16.827940982303655
"4934404fe22a4a3d377fea1c02cb559d","CN(Cc1ccco1)c1ccc(S(C)(=O)=O)cc1C(F)(F)F",21.8011210912683
"cd35e43ffbcf3ec79fefb173e5386d63","Cc1ccc(C(=O)N/C(=C\c2ccco2)C(=O)N2CCOCC2)cc1C",1.298561993361535
"fb15cd6ef4102fac70b00eed0f3adcf4","CCc1nc2ccccc2c(C(=O)Nc2ccc(OC)c(S(=O)(=O)N3CCCCC3)c2)c1C",25.044426290112813
"4fd9f704b443781a26c64b686ed55f71","Cc1cccc2nc(-c3cc4c(cc3Cl)OCO4)[nH]c12",34.928176051092834
"a67fc48d4e722813a39376e2f6a1a736","COc1ccc(Oc2c(CN(CC(C)C)C(=O)c3ccccc3Cl)c(-c3ccccc3)nn2C)cc1",26.97536787868995
"86e10159ccf5a0e9de9575a6158e92e0","CCOc1cc(CN2CCCCCC2)ccc1OC",20.541428611540717
"830faf6c69c0b0e1a9497624b5b88c79","CCS(=O)(=O)c1ccc(-c2cccc(NC(=O)c3ccc(Br)o3)c2)nn1",25.41368407838491
"b8906c44818dd43d5a33e9ef229d2ce0","O=C1CC(c2ccccc2)Sc2nc3ccccc3n21",9.135142184324929
"af5c3de87ba48a0b4d06b574bed24231","CC1=C(C(=O)OC(C)C)C(c2cncc(-c3ccc(F)cc3)c2)C(C#N)=C(N)O1",16.410292038818692
"057d5f5ae104ea69143e8d85423b323b","CCn1c(SCC(=O)OC)nnc1C1CCCCC1",-4.073181081067746
"532525fe475c10795fc02468229e7d43","Cc1cc2c(N3CCC(NCc4noc(C5CCC5)n4)CC3)ncnc2s1",40.79097753161388
"012b68e2baac10673373dd99a1820c70","Cc1ccccc1N1CC[C@@H](C(=O)N2CCN(Cc3ccccc3)CC2)C1=O",18.49403339468357
